Date,Open,High,Low,Close,Shares Traded,Turnover (₹ Cr)
2021-01-01,31297.3,31384.35,31188.25,31225.85,362816824,4578.68
2021-01-04,31485.15,31489.6,30893.65,31212.45,455777638,7332.25
2021-01-05,31041.1,31767.65,30935.55,31722.25,427039458,9737.71
2021-01-06,31839.95,31982.3,31548.15,31797.9,546145047,10578.97
2021-01-07,32129.8,32177.4,31911.5,31956.0,503480241,9322.79
2021-01-08,32298.05,32298.05,32002.95,32084.2,320076839,7620.85
2021-01-11,32280.3,32288.45,31836.95,31998.9,262149604,6540.4
2021-01-12,31835.05,32397.95,31725.85,32339.0,518130302,9541.83
2021-01-13,32546.6,32683.5,32148.25,32574.65,631806349,11456.79
2021-01-14,32526.7,32718.95,32442.35,32519.75,418770741,8111.58
2021-01-15,32508.9,32544.8,32044.35,32246.8,441548129,7707.34
2021-01-18,32275.15,32441.5,31650.9,31811.75,396843076,10758.03
2021-01-19,32082.9,32464.95,31863.95,32424.85,354794656,7543.27
2021-01-20,32388.95,32607.45,32322.9,32543.7,463373596,7574.88
2021-01-21,32732.8,32842.3,31985.55,32186.9,429690838,10074.06
2021-01-22,32088.0,32131.4,31119.9,31167.25,447189924,10066.98
2021-01-25,31507.15,31697.55,31013.65,31198.4,354685592,9568.9
2021-01-27,31236.25,31287.05,30165.65,30284.55,374955694,10597.04
2021-01-28,29812.3,30464.4,29687.7,30358.3,616602174,15327.03
2021-01-29,30700.65,31111.95,30254.55,30565.5,491234852,12337.91
2021-02-01,30976.35,33305.3,30906.45,33089.05,724603063,18740.71
2021-02-02,33589.05,34652.5,33583.15,34267.9,672200917,18419.28
2021-02-03,34555.6,34908.05,34011.9,34758.45,605204158,14904.35
2021-02-04,34548.9,35413.15,34238.9,35344.8,829671813,17326.58
2021-02-05,35634.95,36615.2,35545.0,35654.5,929584155,24845.74
2021-02-08,36073.85,36466.45,35872.25,35983.65,448653152,10478.23
2021-02-09,36058.8,36477.15,35636.85,36056.5,692481033,11793.28
2021-02-10,36042.35,36227.2,35428.15,35783.1,454605536,9891.1
2021-02-11,35687.25,36009.45,35573.3,35752.1,397926100,7513.29
2021-02-12,35736.6,36322.8,35700.25,36108.9,400613273,9137.78
2021-02-15,36501.4,37449.9,36405.1,37306.25,395960815,10012.45
2021-02-16,37492.6,37708.75,36762.75,37098.4,498415137,13143.7
2021-02-17,37041.95,37331.45,36764.25,36910.95,850487354,13395.15
2021-02-18,37088.75,37108.75,36367.45,36587.0,860331083,13935.68
2021-02-19,36371.55,36656.2,35584.6,35841.6,1057099488,14997.82
2021-02-22,35874.3,36128.9,35097.55,35257.2,558736003,12053.67
2021-02-23,35540.55,35680.85,34976.0,35116.95,495062997,10218.79
2021-02-24,35205.4,36567.65,35060.65,36452.3,272875395,7573.8
2021-02-25,36763.15,37232.2,36494.0,36549.0,455940302,13087.65
2021-02-26,35806.65,35902.9,34658.7,34803.6,583014812,16332.46
2021-03-01,35374.25,35581.1,34983.75,35296.0,321453194,7669.26
2021-03-02,35458.15,35747.05,35002.45,35419.7,313565974,7869.52
2021-03-03,35754.45,36455.15,35570.55,36368.05,526962435,9532.62
2021-03-04,35575.65,36316.4,35519.25,35802.5,518584470,10419.7
2021-03-05,35458.5,35616.05,34893.25,35228.15,479018691,11974.97
2021-03-08,35462.45,35827.3,35090.75,35275.75,300221829,8440.63
2021-03-09,35705.9,36077.8,35544.95,35865.65,276564848,9262.41
2021-03-10,36112.25,36176.9,35764.35,35938.3,210555025,6446.15
2021-03-12,36497.35,36497.35,35188.05,35496.65,273642948,7952.81
2021-03-15,35544.25,35544.25,34430.65,35182.55,353005770,9014.21
2021-03-16,35352.0,35405.05,34744.6,34804.6,311778180,7147.29
2021-03-17,34905.05,35100.5,34126.85,34229.25,294340779,7534.66
2021-03-18,34577.5,34759.85,33597.55,33856.8,365798753,7932.37
2021-03-19,33590.4,34355.4,33361.0,34161.6,457208862,10879.76
2021-03-22,34088.4,34148.9,33389.15,33603.45,298859239,7685.72
2021-03-23,33747.95,34360.05,33622.0,34184.4,365205246,9444.61
2021-03-24,33894.7,33970.65,33203.4,33293.25,345484145,8061.91
2021-03-25,33420.75,33550.15,32415.25,33006.45,486186269,10556.91
2021-03-26,33605.05,33610.65,33166.1,33318.2,291664756,6932.74
2021-03-30,33615.9,33990.8,33564.55,33875.1,374227813,10246.95
2021-03-31,33764.8,33773.1,33151.8,33303.9,317682921,8647.1
2021-04-01,33588.0,33949.15,33208.75,33858.0,275264439,8451.84
2021-04-05,33649.15,33697.75,32330.15,32678.85,306389349,8317.73
2021-04-06,32915.65,33007.65,32338.4,32501.35,263466128,7146.59
2021-04-07,32529.7,33191.7,32141.55,32991.2,301661823,8454.15
2021-04-08,33154.2,33306.8,32704.75,32782.85,242109321,6459.28
2021-04-09,32636.9,32972.15,32329.95,32448.05,342531390,8525.93
2021-04-12,31637.9,31698.05,30520.3,30792.0,500839301,10617.9
2021-04-13,30901.8,31885.45,30722.85,31771.6,394495718,8562.91
2021-04-15,31929.1,32187.05,31406.4,32112.85,359820808,10459.88
2021-04-16,32161.45,32325.15,31911.9,31977.45,282437841,6904.9
2021-04-19,30993.45,31304.3,30405.65,31208.4,371591981,9337.41
2021-04-20,31568.95,31731.65,30891.0,31112.7,301980700,7876.41
2021-04-22,30763.5,31834.5,30555.25,31782.6,324393822,10428.93
2021-04-23,31490.6,32148.4,31377.15,31722.3,333782207,8936.18
2021-04-26,32316.65,32603.7,32144.8,32275.15,312038031,11319.42
2021-04-27,32228.95,32807.1,32152.95,32735.35,298418626,10157.29
2021-04-28,32865.5,33777.7,32840.3,33722.8,354104361,12947.01
2021-04-29,33901.6,34287.0,33304.6,33714.5,381173342,11785.88
2021-04-30,33112.4,33455.25,32663.4,32781.8,356408638,11062.75
2021-05-03,32368.55,32566.6,31906.55,32465.75,313628139,9845.07
2021-05-04,32610.4,33011.55,32191.4,32270.35,672537145,10097.81
2021-05-05,32577.1,32862.15,32068.55,32783.7,343564356,7341.58
2021-05-06,32900.75,32956.35,32564.0,32827.8,268011511,6399.32
2021-05-07,33041.65,33259.15,32771.35,32904.5,261346010,5927.59
2021-05-10,33175.3,33297.6,33028.15,33142.4,366829284,6814.19
2021-05-11,32640.95,33154.3,32611.7,32872.2,410859353,7328.56
2021-05-12,32717.65,32747.7,32352.3,32452.3,530601264,7947.48
2021-05-14,32495.15,32622.65,32115.5,32169.55,344502670,6778.47
2021-05-17,32437.85,33506.9,32318.7,33459.25,432480348,11186.93
2021-05-18,33893.1,34142.85,33730.45,33922.4,385809306,10877.63
2021-05-19,33717.1,33959.3,33608.25,33685.2,310365750,7151.62
2021-05-20,33692.55,33833.7,33273.95,33334.55,498149396,7971.93
2021-05-21,33559.8,34694.45,33559.75,34606.9,534919600,15481.77
2021-05-24,34869.3,35216.1,34528.3,34943.6,618209361,13622.16
2021-05-25,35095.0,35125.85,34410.4,34662.0,349434738,7934.33
2021-05-26,34757.15,34897.95,34462.5,34684.2,321416671,6958.58
2021-05-27,34664.2,35220.8,34529.7,35095.05,726180251,12383.5
2021-05-28,35345.65,35436.65,34977.2,35141.45,551320823,10112.32
2021-05-31,35097.45,35584.3,34930.1,35526.65,379880136,7409.4
2021-06-01,35639.75,35713.9,35241.2,35337.2,323916139,7023.03
2021-06-02,35271.6,35415.85,35070.3,35373.75,591363574,8204.85
2021-06-03,35536.45,35723.7,35413.0,35649.0,421766510,8052.52
2021-06-04,35657.85,35810.9,35176.15,35291.65,282780039,6361.13
2021-06-07,35460.8,35545.85,35338.55,35443.65,253219977,4479.08
2021-06-08,35433.8,35449.5,34962.65,35085.3,214827767,4957.91
2021-06-09,35114.25,35402.45,34641.2,34800.5,315893506,6186.83
2021-06-10,34903.6,35165.65,34734.4,35131.2,324664716,5476.33
2021-06-11,35324.65,35344.0,34891.3,35047.4,192127390,4479.26
2021-06-14,34936.55,34995.15,34374.35,34950.6,311604282,5533.18
2021-06-15,35038.05,35317.4,34917.9,35247.75,170044245,4690.54
2021-06-16,35196.25,35380.0,34916.2,35003.5,157933211,4256.7
2021-06-17,34619.8,34882.4,34458.1,34605.4,199243725,5003.67
2021-06-18,34735.15,34787.4,33908.95,34558.0,274819851,6551.86
2021-06-21,34109.45,34927.65,33937.5,34871.3,260354639,5691.5
2021-06-22,35084.9,35281.9,34664.35,34745.0,264369582,5876.63
2021-06-23,34911.85,34937.65,34525.45,34574.0,315407199,6100.47
2021-06-24,34687.7,34935.3,34592.35,34827.0,210383466,5047.31
2021-06-25,34916.65,35491.95,34915.85,35364.65,236854047,7005.52
2021-06-28,35488.2,35576.95,35236.45,35359.45,320196203,5890.36
2021-06-29,35320.45,35337.45,34913.7,35010.3,266274918,6869.92
2021-06-30,35001.9,35214.9,34730.45,34772.2,249544293,5922.66
2021-07-01,34866.0,34917.65,34650.95,34684.0,164003666,4642.09
2021-07-02,34728.1,34894.45,34632.6,34809.9,165618523,4150.49
2021-07-05,35010.95,35234.3,34926.4,35212.0,164345876,3521.4
2021-07-06,35173.6,35807.45,35165.55,35579.15,179452046,6015.41
2021-07-07,35550.6,35795.75,35427.65,35771.3,151482780,4373.93
2021-07-08,35603.25,35811.0,35134.65,35274.1,169181977,4674.22
2021-07-09,35163.75,35225.2,34859.9,35071.95,145257589,4368.31
2021-07-12,35285.05,35394.3,35060.35,35198.9,183089619,4314.98
2021-07-13,35480.05,35727.85,35340.7,35673.4,134145673,5257.17
2021-07-14,35585.85,35804.05,35434.75,35668.25,103104332,3621.95
2021-07-15,35757.45,35985.25,35625.7,35907.65,116401975,3780.09
2021-07-16,35977.95,35977.95,35674.75,35751.8,124898578,3037.86
2021-07-19,35070.5,35347.05,34899.2,35079.2,130897303,4910.46
2021-07-20,34791.15,34894.15,34357.35,34415.45,159709578,5359.02
2021-07-22,34774.55,34989.1,34557.85,34677.3,164037904,4445.62
2021-07-23,34748.35,35088.0,34404.75,35034.4,200257651,5310.25
2021-07-26,34947.85,35138.2,34669.55,34949.7,179131153,6187.92
2021-07-27,35029.3,35186.1,34713.55,34797.45,173044876,6639.9
2021-07-28,34839.45,34841.55,34115.2,34532.9,174745645,6783.84
2021-07-29,34740.3,34778.15,34495.2,34691.5,195999122,5521.61
2021-07-30,34698.75,34738.75,34445.4,34584.35,174178173,5836.13
2021-08-02,34760.9,34861.75,34588.25,34710.0,241611859,5151.4
2021-08-03,34660.75,35238.45,34649.2,35207.45,254949840,6529.88
2021-08-04,35388.15,36219.8,35313.0,36028.05,363137299,13550.66
2021-08-05,36093.95,36115.45,35661.3,35834.75,312002845,8949.45
2021-08-06,35875.8,36080.1,35700.45,35809.25,230463834,7209.36
2021-08-09,35824.2,36159.85,35612.3,36028.95,166874234,4546.7
2021-08-10,35954.55,36317.0,35890.5,36034.1,201187741,6083.06
2021-08-11,36218.25,36227.55,35531.35,35806.4,200203008,4955.85
2021-08-12,35825.4,35998.15,35702.9,35937.05,122331527,3481.99
2021-08-13,36000.75,36233.3,35937.1,36169.35,125846393,4593.12
2021-08-16,36100.65,36261.55,36032.4,36094.5,87300657,2984.95
2021-08-17,35935.05,35993.7,35611.85,35867.45,118332001,3930.78
2021-08-18,36222.5,36248.9,35432.0,35554.5,140479197,5157.2
2021-08-20,35146.5,35306.5,34926.5,35033.85,181201194,5621.76
2021-08-23,35424.2,35427.4,34817.5,35124.4,174160064,4581.56
2021-08-24,35200.75,35795.3,35070.0,35712.1,173607876,5382.27
2021-08-25,35768.85,35910.3,35499.65,35586.25,144304924,3947.9
2021-08-26,35485.95,35785.8,35411.8,35617.55,136431065,4684.26
2021-08-27,35559.75,35727.9,35359.25,35627.8,120863177,3898.87
2021-08-30,35781.05,36398.45,35721.9,36347.65,150364401,5079.7
2021-08-31,36367.4,36552.8,36216.2,36424.6,210320042,7839.06
2021-09-01,36591.45,36997.7,36487.15,36574.3,181520267,7867.86
2021-09-02,36588.4,36895.55,36469.0,36831.3,118881969,4621.75
2021-09-03,36883.65,37140.0,36563.2,36761.15,155572966,5188.05
2021-09-06,36878.25,36923.65,36554.45,36592.35,88610035,3038.65
2021-09-07,36558.85,36685.85,36151.95,36468.8,124504318,3933.55
2021-09-08,36519.7,36855.9,36393.6,36768.2,175840330,6679.55
2021-09-09,36725.5,36857.2,36566.7,36683.2,83638944,3301.5
2021-09-13,36608.45,36724.85,36327.05,36471.8,82205571,3282.17
2021-09-14,36639.95,36756.0,36529.65,36613.05,109343491,4311.88
2021-09-15,36543.55,36949.7,36496.05,36852.25,177854499,5463.77
2021-09-16,36946.0,37720.15,36907.75,37668.6,423076588,10734.0
2021-09-17,37929.5,38112.75,37396.05,37811.95,335066214,11153.32
2021-09-20,37388.2,37802.75,37068.45,37145.7,152042291,4919.32
2021-09-21,37238.4,37340.7,36525.95,37235.85,153954277,5563.12
2021-09-22,37277.1,37328.6,36885.6,36944.65,106372965,4126.9
2021-09-23,37241.25,37830.75,37216.15,37771.7,139137134,5471.4
2021-09-24,37954.0,38112.6,37680.0,37830.3,138418570,5205.98
2021-09-27,38054.75,38355.2,37968.2,38171.25,112955375,4516.18
2021-09-28,38360.0,38377.25,37315.2,37945.0,200987747,5679.24
2021-09-29,37601.1,37923.45,37371.05,37743.0,260519352,7824.77
2021-09-30,37677.8,37884.85,37354.25,37425.1,235076302,7155.78
2021-10-01,37140.4,37299.4,36876.35,37225.9,189209173,4705.98
2021-10-04,37392.15,37670.7,37355.6,37579.65,146438070,3839.0
2021-10-05,37499.8,37786.6,37364.75,37741.0,153094965,4372.22
2021-10-06,37768.8,38106.85,37452.0,37521.55,204213956,6270.47
2021-10-07,37894.0,37923.65,37650.25,37753.2,136415691,4753.02
2021-10-08,37906.4,38105.2,37674.35,37775.25,168175930,4611.89
2021-10-11,37782.75,38495.3,37744.65,38293.8,136093225,4785.36
2021-10-12,38178.35,38609.6,38144.6,38521.5,201279829,4935.67
2021-10-13,38735.3,38779.05,38502.7,38635.75,205858894,3921.24
2021-10-14,38684.65,39375.05,38673.0,39340.9,249639376,5612.83
2021-10-18,39794.25,39947.6,39569.55,39684.8,580029143,9484.58
2021-10-19,39927.3,40011.15,39394.25,39540.5,274854608,5832.63
2021-10-20,39545.45,39774.55,39292.8,39518.2,236894524,6136.15
2021-10-21,39676.55,40200.45,39428.1,40030.2,271266226,7241.93
2021-10-22,40192.65,40587.35,40149.55,40323.65,370521433,8427.53
2021-10-25,40961.25,41829.6,40508.1,41192.4,476829654,17994.24
2021-10-26,41057.75,41367.25,40829.15,41238.3,437106559,10330.7
2021-10-27,41234.55,41347.0,40750.0,40874.35,322833423,10941.19
2021-10-28,40915.15,40931.05,39350.2,39508.95,512721476,11302.12
2021-10-29,39424.55,39775.25,38426.65,39115.6,341299932,9276.25
2021-11-01,39432.15,39862.6,39120.65,39763.75,203227931,6875.2
2021-11-02,39796.9,40107.6,39590.7,39938.45,265000402,7594.77
2021-11-03,40040.65,40160.2,39304.85,39402.05,267471244,9163.63
2021-11-04,39669.1,39734.7,39514.15,39573.7,38771464,1174.3
2021-11-08,39674.05,39674.05,38932.15,39438.25,212859120,10040.13
2021-11-09,39517.85,39560.6,39223.4,39368.8,203521905,6800.76
2021-11-10,39206.2,39220.3,38873.8,39023.25,167942059,5776.38
2021-11-11,38913.05,38929.95,38346.05,38560.2,146046747,4676.68
2021-11-12,38707.15,38822.85,38467.8,38733.35,136008185,5412.25
2021-11-15,38849.45,39117.15,38606.6,38702.35,112339108,4496.4
2021-11-16,38710.9,38724.7,38211.1,38307.1,129073386,4580.98
2021-11-17,38113.4,38456.3,37981.2,38041.55,139261045,5184.44
2021-11-18,38071.9,38233.95,37748.45,37976.25,238703538,6350.8
2021-11-22,38232.15,38241.0,36655.4,37128.8,209492175,7478.88
2021-11-23,36787.0,37448.75,36647.55,37272.8,188686871,7162.98
2021-11-24,37384.75,37891.9,37238.05,37441.95,157620877,7326.17
2021-11-25,37362.05,37507.95,37118.4,37364.75,140754665,5397.62
2021-11-26,36830.9,36868.9,35904.1,36025.5,211362819,7180.94
2021-11-29,36224.45,36347.85,35327.9,35976.45,187220921,6835.46
2021-11-30,35958.8,36774.2,35526.35,35695.3,227277255,9108.48
2021-12-01,35902.9,36445.35,35805.0,36364.9,173851062,6460.45
2021-12-02,36281.85,36563.5,36166.7,36508.25,131729305,5162.81
2021-12-03,36497.3,36844.0,36062.85,36197.15,138908168,5366.96
2021-12-06,36252.75,36344.55,35696.75,35735.9,136034034,4839.19
2021-12-07,36086.95,36820.7,36013.95,36618.4,146690900,7194.76
2021-12-08,37052.75,37384.8,36905.15,37284.7,164970767,7565.62
2021-12-09,37331.75,37397.55,36884.45,37082.45,123180683,4973.41
2021-12-10,37083.15,37153.25,36824.4,37105.65,170851309,4280.7
2021-12-13,37358.2,37581.05,36861.9,36925.25,157271322,5574.96
2021-12-14,36778.95,37039.05,36545.4,36893.95,132155329,5926.56
2021-12-15,36929.5,37083.5,36743.2,36789.55,105795292,4059.21
2021-12-16,37092.95,37159.3,36385.75,36548.65,112689350,4473.63
2021-12-17,36491.8,36550.75,35535.05,35618.65,152082650,5119.66
2021-12-20,35124.35,35231.1,34018.45,34439.85,200121444,6632.7
2021-12-21,34863.35,35050.0,34389.95,34607.85,159620617,4749.81
2021-12-22,34865.25,35112.1,34687.6,35029.5,128585560,4013.63
2021-12-23,35350.5,35477.3,35046.25,35191.15,114199334,3761.1
2021-12-24,35282.2,35327.95,34583.4,34857.05,132458164,3370.2
2021-12-27,34573.65,35143.7,34233.0,35057.9,335136830,6888.03
2021-12-28,35308.3,35352.4,35037.9,35183.8,181620183,4567.78
2021-12-29,35168.85,35378.3,34890.8,35045.4,122522831,3502.2
2021-12-30,34977.65,35179.05,34751.25,35063.6,328003519,7418.43
2021-12-31,35114.4,35596.95,35113.75,35481.7,210320259,4234.82
2022-01-03,35585.2,36492.1,35526.6,36421.9,219015015,5334.58
2022-01-04,36551.25,36887.8,36374.4,36840.15,190538010,5610.46
2022-01-05,36943.55,37862.4,36756.35,37695.9,237374910,8762.4
2022-01-06,37242.55,37752.5,37058.45,37490.25,199034793,5835.83
2022-01-07,37667.05,38134.85,37427.8,37739.6,183337111,6079.93
2022-01-10,37930.55,38400.35,37929.35,38347.9,206472501,5233.55
2022-01-11,38370.0,38504.6,38031.75,38442.2,159537910,5111.1
2022-01-12,38719.6,38851.45,38604.6,38727.55,156053463,5993.13
2022-01-13,38717.55,38717.55,38376.15,38469.95,159208683,6581.17
2022-01-14,38302.35,38448.05,38007.75,38370.4,148647294,5026.83
2022-01-17,38212.55,38617.5,38138.25,38216.15,140304025,6085.82
2022-01-18,38337.4,38855.55,38095.4,38210.3,168774319,6097.59
2022-01-19,38145.75,38330.5,37769.25,38041.35,165345459,5649.74
2022-01-20,38106.1,38167.95,37591.85,37850.85,149614744,5346.09
2022-01-21,37522.35,37741.0,37224.25,37574.3,157806216,5068.35
2022-01-24,37601.95,37694.7,36375.35,36947.55,231032351,7721.28
2022-01-25,36598.05,37788.8,36415.6,37706.75,267527334,9128.85
2022-01-27,37058.2,38147.65,37012.25,37982.1,346316385,11525.61
2022-01-28,38246.6,38421.7,37581.5,37689.4,294272749,8873.07
2022-01-31,38091.8,38217.25,37647.85,37975.35,217789465,7700.59
2022-02-01,38460.45,38802.7,37690.6,38505.5,234113973,8524.68
2022-02-02,38841.55,39386.6,38752.65,39330.5,252636678,7615.88
2022-02-03,39255.7,39424.85,38861.15,39010.0,193762539,5923.08
2022-02-04,39128.0,39278.6,38562.6,38789.35,163095693,5657.43
2022-02-07,38592.05,38837.55,37802.7,37995.45,241900647,7565.95
2022-02-08,38176.1,38222.1,37319.05,38028.45,200188205,6529.01
2022-02-09,38283.6,38648.15,38192.0,38610.25,124856780,4526.22
2022-02-10,38801.45,39197.2,38520.0,39010.95,147797202,5910.34
2022-02-11,38567.65,38790.25,38396.4,38517.25,154963046,5482.57
2022-02-14,37664.0,37796.55,36828.05,36908.55,213830951,6346.2
2022-02-15,36989.8,38231.6,36651.85,38170.1,192987946,6083.63
2022-02-16,38296.5,38461.7,37762.8,37953.8,170090059,5035.11
2022-02-17,38042.1,38124.5,37425.6,37531.65,136324646,4766.59
2022-02-18,37344.45,37817.55,37304.45,37599.15,113457242,3555.01
2022-02-21,37400.0,38054.4,37156.8,37685.6,143330237,4172.28
2022-02-22,36833.0,37659.4,36818.1,37371.65,159396702,5316.02
2022-02-23,37628.55,37774.6,37318.0,37392.05,137348932,5203.1
2022-02-24,36085.2,36709.15,34991.35,35228.1,427755807,9889.61
2022-02-25,35901.7,36684.65,35768.2,36430.75,372802626,7472.49
2022-02-28,35938.95,36270.25,35611.9,36205.3,238280153,7153.75
2022-03-02,35381.9,35553.7,34897.45,35372.8,211288285,8248.77
2022-03-03,35621.15,35804.15,34721.15,34944.3,172533577,6220.88
2022-03-04,34526.1,35097.75,34094.1,34407.8,194466533,6367.62
2022-03-07,33278.15,33543.3,32376.5,32871.25,248860897,8562.11
2022-03-08,32531.9,33263.55,32155.35,33158.1,276830725,10371.94
2022-03-09,33278.9,33969.5,32948.9,33815.45,258456568,9509.7
2022-03-10,35153.95,35374.15,34218.05,34475.6,273948531,10109.9
2022-03-11,34331.0,34880.05,34094.3,34546.25,169532120,6157.39
2022-03-14,34660.25,35435.1,34625.05,35312.15,193297091,7589.67
2022-03-15,35467.95,35643.8,34706.05,35022.65,224193669,8437.88
2022-03-16,35555.75,35806.35,35461.55,35748.25,173798310,5703.97
2022-03-17,36302.0,36611.95,36261.65,36428.55,181953699,6709.49
2022-03-21,36545.85,36600.2,35900.2,36018.5,128655959,4771.04
2022-03-22,35975.6,36468.8,35384.75,36348.55,202887630,5838.07
2022-03-23,36627.7,36827.6,36064.75,36147.35,197900273,6074.26
2022-03-24,35633.7,35957.7,35421.7,35527.1,205174581,8832.5
2022-03-25,35700.4,35717.4,35203.85,35410.1,156997410,4862.65
2022-03-28,35488.7,35770.8,35016.3,35710.5,197017630,5234.28
2022-03-29,35931.75,35977.2,35506.55,35847.4,177135786,4586.33
2022-03-30,36241.55,36421.1,36070.55,36334.3,325637452,8056.96
2022-03-31,36457.2,36590.85,36278.15,36373.6,188135977,6187.65
2022-04-01,36298.35,37209.8,36242.35,37148.5,245689573,6288.75
2022-04-04,37824.95,38765.85,37665.55,38635.2,309170581,14018.76
2022-04-05,38731.3,38759.25,37935.95,38067.9,220560341,7019.55
2022-04-06,37711.3,37868.5,37513.85,37632.8,198848773,6772.55
2022-04-07,37421.75,37975.9,37346.8,37557.35,245018646,8711.76
2022-04-08,37619.7,37884.2,37405.2,37752.05,202237753,8312.04
2022-04-11,37591.75,37941.75,37524.45,37613.8,132096631,5192.44
2022-04-12,37407.4,37920.6,37264.45,37747.4,171033301,6333.06
2022-04-13,37887.3,37988.6,37408.2,37463.4,143255004,6335.55
2022-04-18,36833.15,36965.85,36441.35,36729.0,182939705,7933.87
2022-04-19,36806.8,37123.55,35926.3,36341.6,216336217,11540.48
2022-04-20,36482.6,36513.85,36114.05,36314.9,153381114,7481.0
2022-04-21,36513.1,36913.35,36395.7,36816.1,132687618,6966.06
2022-04-22,36514.15,36578.95,35991.5,36044.75,140125764,5439.74
2022-04-25,35792.35,36270.15,35511.4,36082.35,183091482,7098.21
2022-04-26,36515.35,36604.55,36265.9,36404.8,143384158,5742.39
2022-04-27,36067.55,36175.9,35747.15,36028.85,134244167,5976.55
2022-04-28,36189.95,36501.1,35951.1,36422.2,137268325,5750.47
2022-04-29,36474.05,36718.8,35978.95,36088.15,172738822,8503.43
2022-05-02,35627.6,36235.25,35618.2,36163.75,170186563,6323.8
2022-05-04,36266.15,36309.3,35127.85,35264.55,214565013,7349.13
2022-05-05,35705.35,35934.85,35133.8,35232.85,167319447,5571.33
2022-05-06,34569.1,34797.95,34353.2,34591.2,199208045,6569.78
2022-05-09,34091.75,34554.35,33927.2,34275.4,179918781,6400.34
2022-05-10,34181.2,34781.8,34176.8,34482.65,137963004,4938.3
2022-05-11,34686.3,34793.2,34143.2,34693.15,179510699,5311.39
2022-05-12,34289.1,34341.2,33297.65,33532.15,382113108,7136.84
2022-05-13,33925.95,34002.2,33007.9,33121.35,272709547,8347.25
2022-05-16,33256.0,33821.65,33001.75,33597.6,195136858,5232.06
2022-05-17,33796.2,34366.05,33680.6,34301.9,161500305,5248.14
2022-05-18,34448.2,34655.8,34134.7,34163.7,146780579,5561.35
2022-05-19,33461.0,33633.95,33180.6,33315.65,150355852,5416.02
2022-05-20,33765.15,34358.05,33658.05,34276.4,129371809,4517.56
2022-05-23,34321.4,34819.95,34117.35,34247.6,155978859,5319.59
2022-05-24,34223.2,34586.45,34115.8,34290.15,163680878,4884.47
2022-05-25,34491.8,34722.6,34285.8,34339.5,153586250,4928.93
2022-05-26,34670.6,35222.05,34424.75,35094.9,191472056,6648.96
2022-05-27,35326.6,35694.85,35291.95,35613.3,132560154,4677.24
2022-05-30,35958.8,36083.7,35748.45,35826.95,126987258,3844.7
2022-05-31,35615.3,35881.95,35288.95,35487.4,149259006,8481.87
2022-06-01,35358.95,35768.7,35285.45,35620.8,100780723,3716.12
2022-06-02,35470.95,35676.2,35385.0,35613.65,140705809,4091.04
2022-06-03,35929.55,35958.45,35175.1,35275.05,104814655,3431.47
2022-06-06,35159.15,35424.5,35072.3,35310.2,100771005,3326.73
2022-06-07,35080.8,35154.3,34834.4,34996.0,91646535,3283.97
2022-06-08,35165.65,35449.9,34831.75,34946.15,124570051,3771.68
2022-06-09,34802.25,35149.1,34659.1,35085.45,100853057,3039.26
2022-06-10,34686.95,34752.45,34346.65,34483.8,90046261,3228.0
2022-06-13,33728.65,33774.05,33210.35,33405.85,131878152,4354.18
2022-06-14,33180.6,33618.15,33123.9,33311.35,113203955,3847.03
2022-06-15,33317.8,33554.55,33249.55,33339.0,90841434,3348.72
2022-06-16,33648.8,33756.5,32537.95,32617.1,129460359,4089.68
2022-06-17,32393.45,32889.8,32290.55,32743.05,139831116,4610.38
2022-06-20,32873.4,32926.1,32426.4,32684.8,144370096,4019.2
2022-06-21,32978.05,33593.8,32797.55,33191.75,258145491,4998.08
2022-06-22,33051.65,33106.95,32758.15,32845.3,134963895,3097.08
2022-06-23,32927.4,33431.75,32652.15,33135.0,193128024,4755.9
2022-06-24,33434.8,33721.9,33390.85,33627.45,149780074,3752.57
2022-06-27,34126.2,34147.5,33735.5,33811.25,111396233,3128.75
2022-06-28,33578.2,33745.3,33503.3,33642.45,124952463,3973.52
2022-06-29,33273.55,33422.8,33185.25,33269.9,140799943,4703.83
2022-06-30,33180.7,33659.3,33179.6,33425.1,149540388,4850.52
2022-07-01,33264.75,33666.5,33080.45,33539.45,149938425,3861.78
2022-07-04,33558.85,33978.5,33515.6,33940.9,152556102,3470.54
2022-07-05,34084.7,34361.05,33757.0,33815.9,115009518,3980.84
2022-07-06,33929.4,34388.5,33876.15,34324.25,122736123,4709.36
2022-07-07,34627.4,34965.75,34553.1,34920.3,183971600,5359.18
2022-07-08,35258.9,35262.1,34977.75,35124.05,108960960,3898.07
2022-07-11,35017.6,35543.1,35006.55,35469.65,130626231,4114.46
2022-07-12,35298.7,35419.65,35047.5,35132.25,113400721,3557.94
2022-07-13,35259.8,35308.15,34757.6,34827.8,103445255,4858.76
2022-07-14,34817.95,35027.6,34558.45,34651.2,121299657,4416.36
2022-07-15,34734.45,34899.95,34463.9,34682.65,99146838,3341.03
2022-07-18,34841.85,35382.5,34804.4,35358.7,146647066,4981.16
2022-07-19,35113.25,35761.65,35110.5,35720.35,183417644,5490.44
2022-07-20,36061.3,36182.7,35876.55,35972.1,173387817,5876.08
2022-07-21,36026.55,36331.7,35887.35,36201.0,153823216,6392.37
2022-07-22,36322.9,36823.45,36286.35,36738.95,143648249,5362.08
2022-07-25,36766.7,37011.2,36464.65,36726.4,139717215,5329.58
2022-07-26,36688.55,36695.75,36334.1,36408.5,113999344,3989.64
2022-07-27,36370.55,36808.3,36248.6,36783.75,113114710,4276.88
2022-07-28,37102.45,37414.4,37028.5,37378.15,172517903,5344.38
2022-07-29,37717.3,37754.65,37221.15,37491.4,166943703,5405.74
2022-08-01,37594.15,37939.6,37407.2,37903.2,346398736,5037.62
2022-08-02,37767.7,38179.85,37632.3,38024.0,317258561,6718.71
2022-08-03,37954.55,38068.6,37692.95,37989.25,200309289,5811.23
2022-08-04,38111.05,38231.85,37249.5,37755.55,186299709,5177.48
2022-08-05,37868.25,38150.45,37779.9,37920.6,175934673,5110.26
2022-08-08,37847.35,38302.35,37681.45,38237.4,174060090,5734.24
2022-08-10,38298.85,38402.95,38155.3,38287.85,163932855,6158.9
2022-08-11,38712.95,38932.1,38648.9,38879.85,200934788,7082.81
2022-08-12,38942.45,39088.9,38739.95,39042.3,125302422,4278.26
2022-08-16,39284.1,39444.6,39119.9,39239.65,128693114,4759.52
2022-08-17,39351.3,39504.5,39202.8,39461.7,169781319,4958.33
2022-08-18,39324.4,39703.7,39291.15,39656.15,137211137,4806.36
2022-08-19,39732.65,39759.15,38848.4,38985.95,148145662,4957.2
2022-08-22,38693.65,38732.85,38247.25,38297.75,124271138,4460.3
2022-08-23,37955.45,38869.9,37950.85,38697.65,176424816,4953.49
2022-08-24,38552.7,39120.8,38552.2,39038.5,214856203,5335.13
2022-08-25,39190.05,39471.75,38803.7,38950.75,333393428,6134.77
2022-08-26,39129.65,39337.1,38846.8,38987.15,196336796,4493.1
2022-08-29,38111.6,38397.1,37943.85,38276.7,158048031,4162.48
2022-08-30,38516.95,39606.55,38472.7,39536.75,176777679,5805.47
2022-09-01,38806.7,39667.65,38803.3,39301.25,191202076,7057.55
2022-09-02,39422.3,39595.85,39200.45,39421.0,133866628,4573.97
2022-09-05,39412.05,39865.2,39407.4,39805.75,214148830,5248.4
2022-09-06,39892.95,40073.75,39564.3,39666.5,210170553,4955.61
2022-09-07,39337.75,39572.05,39258.25,39455.9,138911320,4236.12
2022-09-08,39763.9,40265.75,39706.4,40208.95,203813147,5950.43
2022-09-09,40520.75,40685.95,40280.3,40415.7,207024632,6307.15
2022-09-12,40540.45,40684.9,40377.9,40574.0,146975257,4505.04
2022-09-13,40802.1,40904.3,40693.95,40873.1,176389650,5596.64
2022-09-14,40308.8,41626.9,40288.9,41405.4,218413793,8227.0
2022-09-15,41533.7,41840.15,41153.5,41209.2,245307055,6772.31
2022-09-16,40977.2,41162.5,40502.05,40776.8,244187210,8926.4
2022-09-19,40685.6,41184.25,40509.9,40904.4,206028623,5828.98
2022-09-20,41304.15,41677.65,41207.3,41468.3,175202873,5080.23
2022-09-21,41282.6,41501.7,40889.15,41203.45,151272542,4738.32
2022-09-22,40889.05,41159.2,40360.2,40630.6,209511312,5555.9
2022-09-23,40429.35,40528.4,39412.7,39546.25,226215831,6487.98
2022-09-26,39027.85,39229.4,38492.2,38616.25,241817411,6410.06
2022-09-27,38811.7,39050.5,38184.9,38359.15,168710754,5503.35
2022-09-28,38081.25,38368.8,37626.2,37759.85,210586461,5500.6
2022-09-29,38092.85,38283.4,37536.65,37647.75,253011531,6379.56
2022-09-30,37660.0,38811.0,37386.35,38631.95,246062095,6349.17
2022-10-03,38444.9,38641.6,37963.25,38029.65,172924636,4434.18
2022-10-04,38700.4,39177.5,38596.9,39110.05,241105104,4861.18
2022-10-06,39343.7,39608.35,39232.9,39282.85,158810472,4981.85
2022-10-07,39093.5,39235.05,38807.5,39178.05,165025353,4671.71
2022-10-10,38641.55,39315.7,38518.3,39093.1,159736922,4671.66
2022-10-11,39058.85,39174.95,38622.75,38712.45,177564848,7591.96
2022-10-12,38784.2,39164.1,38606.4,39118.55,195833128,5820.1
2022-10-13,38957.65,39061.3,38437.95,38624.0,158943750,5156.18
2022-10-14,39446.05,39570.85,39196.3,39305.6,185644333,5036.52
2022-10-17,39295.6,39974.7,39146.7,39920.45,201583880,5682.07
2022-10-18,40252.05,40435.35,40139.85,40318.75,245222591,5596.16
2022-10-19,40556.65,40643.6,40195.2,40373.2,232909831,4952.44
2022-10-20,40149.5,40208.35,39848.85,40099.55,262755229,6231.42
2022-10-21,40370.75,41032.25,40355.45,40784.05,324235366,11278.38
2022-10-24,41348.35,41427.25,41201.15,41304.9,74340462,1703.69
2022-10-25,41513.65,41530.65,41021.45,41122.75,351843000,7972.51
2022-10-27,41440.7,41511.8,41178.65,41299.3,239433580,7162.14
2022-10-28,41236.8,41482.4,40839.3,40990.85,237123178,5336.09
2022-10-31,41265.7,41353.7,41106.1,41307.9,237160424,6035.25
2022-11-01,41552.4,41677.25,41188.55,41289.55,304370269,8419.79
2022-11-02,41472.6,41474.3,41060.45,41146.65,175818779,4903.71
2022-11-03,40873.7,41478.0,40819.15,41298.35,263647704,5716.38
2022-11-04,41314.85,41516.2,41051.15,41258.45,190374317,5485.04
2022-11-07,41740.65,41779.4,41337.05,41686.7,393367764,9631.98
2022-11-09,41914.85,41948.9,41667.9,41783.2,490535505,8065.93
2022-11-10,41462.85,41643.9,41318.6,41603.75,253442361,6747.62
2022-11-11,42163.4,42345.5,41918.1,42137.05,255371301,11278.54
2022-11-14,42177.55,42231.45,41965.45,42076.75,142688761,5660.58
2022-11-15,42234.85,42450.05,42079.55,42372.7,139402527,5047.0
2022-11-16,42371.8,42611.75,42296.3,42535.3,185441496,6387.83
2022-11-17,42399.65,42622.75,42366.55,42458.05,165403381,4796.28
2022-11-18,42545.75,42590.75,42223.7,42437.45,280077146,6026.85
2022-11-21,42286.95,42386.8,42202.55,42346.55,259074794,4669.96
2022-11-22,42467.4,42508.75,42347.15,42457.05,216312501,4798.48
2022-11-23,42668.55,42860.55,42556.4,42729.1,359102191,6216.07
2022-11-24,42838.35,43163.4,42769.65,43075.4,204943911,5532.96
2022-11-25,43192.45,43339.15,42864.95,42983.95,502822545,7015.41
2022-11-28,42757.2,43159.8,42740.0,43020.45,238678224,5586.34
2022-11-29,42959.4,43279.6,42959.4,43053.45,223005594,5455.23
2022-11-30,43122.75,43332.3,42880.05,43231.0,201985065,7508.32
2022-12-01,43512.1,43515.05,43101.85,43260.65,268373857,7735.13
2022-12-02,42976.7,43131.9,42937.8,43103.75,212807580,5452.61
2022-12-05,43269.35,43372.15,42985.0,43332.95,242584555,5584.12
2022-12-06,43093.9,43306.85,43076.4,43138.55,379223460,7344.98
2022-12-07,43157.35,43327.35,42948.45,43098.7,242863321,6447.09
2022-12-08,43142.25,43640.9,43095.3,43596.85,355690534,10491.54
2022-12-09,43765.3,43853.4,43361.7,43633.45,443547931,8630.38
2022-12-12,43455.85,43767.05,43378.8,43708.75,234232065,6013.63
2022-12-13,43793.7,43983.8,43767.75,43946.55,276976649,7597.74
2022-12-14,44078.6,44151.8,43987.95,44049.1,349177761,7562.04
2022-12-15,43940.1,44120.6,43379.1,43498.2,421905538,7710.55
2022-12-16,43261.75,43598.2,43080.55,43219.5,275179647,5995.42
2022-12-19,43346.35,43451.45,43110.3,43413.75,175567612,4221.46
2022-12-20,43152.65,43426.2,42955.4,43359.5,182311453,4264.89
2022-12-21,43525.75,43614.65,42363.8,42617.95,279419632,5778.76
2022-12-22,42864.0,42933.5,42231.35,42408.8,344822506,6097.08
2022-12-23,41951.35,42226.65,41597.65,41668.05,332589359,6127.39
2022-12-26,41716.35,42846.15,41569.45,42630.15,323172447,5974.96
2022-12-27,42827.75,42927.2,42394.15,42859.5,229631139,4073.47
2022-12-28,42733.6,43034.95,42694.85,42827.7,230529712,4905.6
2022-12-29,42684.9,43498.05,42489.8,43252.35,308306902,7453.46
2022-12-30,43401.7,43422.95,42833.1,42986.45,258702240,5286.02
2023-01-02,43038.25,43382.75,42961.75,43203.1,179810215,3452.51
2023-01-03,43151.45,43482.8,43148.45,43425.25,197035356,4510.22
2023-01-04,43417.5,43578.4,42858.65,42958.8,216794117,6213.83
2023-01-05,43073.05,43137.55,42298.6,42608.7,189076453,5545.57
2023-01-06,42649.7,42685.9,41877.0,42188.8,195122493,5618.4
2023-01-09,42404.85,42716.8,42186.55,42582.75,161810057,5778.46
2023-01-10,42642.0,42674.25,41835.75,42014.75,179299558,5565.75
2023-01-11,42071.85,42318.0,41729.0,42232.7,169795551,5453.72
2023-01-12,42238.5,42343.5,41742.95,42082.25,154082042,5338.12
2023-01-13,42171.25,42453.95,41885.6,42371.25,205541498,5518.45
2023-01-16,42622.5,42715.65,42066.55,42167.55,312318332,6279.06
2023-01-17,42241.2,42383.8,41861.1,42235.05,256323734,5944.25
2023-01-18,42271.8,42555.9,42119.65,42458.0,170541076,5719.55
2023-01-19,42416.3,42506.25,42234.9,42328.85,143433045,5565.12
2023-01-20,42516.05,42709.2,42366.15,42506.8,159095177,5617.05
2023-01-23,42891.45,43005.85,42727.7,42821.25,203642546,7013.34
2023-01-24,42994.45,43078.9,42615.65,42733.45,159456752,7347.84
2023-01-25,42703.6,42733.05,41540.3,41647.65,244652804,7956.45
2023-01-27,41382.35,41417.9,40148.8,40345.3,350772977,13724.56
2023-01-30,39856.15,40789.55,39419.8,40387.45,369850300,12301.62
2023-01-31,40563.85,40811.65,40167.7,40655.05,289909966,9622.43
2023-02-01,41115.0,42015.65,39490.5,40513.0,400074985,11946.33
2023-02-02,39943.35,40757.6,39761.45,40669.3,348474505,9232.69
2023-02-03,41019.35,41539.95,40609.75,41499.7,308813058,8557.81
2023-02-06,41530.15,41724.5,41261.2,41374.65,197815054,6236.79
2023-02-07,41513.1,41630.75,41095.1,41490.95,171891231,5338.11
2023-02-08,41542.05,41791.95,41403.05,41537.65,136467692,4246.96
2023-02-09,41634.0,41634.0,41252.95,41554.3,142932785,4543.06
2023-02-10,41452.4,41678.9,41424.9,41559.4,154961683,4306.83
2023-02-13,41563.5,41662.55,41157.9,41282.2,147007745,4421.7
2023-02-14,41410.45,41718.0,41195.75,41648.35,143113944,5148.89
2023-02-15,41674.6,41795.45,41455.6,41731.05,116292441,4794.75
2023-02-16,41925.7,41979.1,41521.95,41631.35,111728729,4230.25
2023-02-17,41514.0,41516.3,40882.7,41131.75,138786944,4900.54
2023-02-20,41221.55,41292.6,40580.1,40701.7,143706468,4339.85
2023-02-21,40784.9,40946.2,40508.25,40673.6,170243478,5366.66
2023-02-22,40494.15,40529.25,39899.0,39995.9,155197486,5140.17
2023-02-23,39983.7,40147.8,39600.25,40001.55,200503324,6811.87
2023-02-24,40259.1,40348.1,39818.9,39909.4,144558694,4833.92
2023-02-27,39820.4,40371.45,39745.4,40307.1,165150412,5365.34
2023-02-28,40302.7,40391.45,40073.0,40269.05,327753581,9520.98
2023-03-01,40473.85,40725.35,40341.95,40698.15,169749567,6383.35
2023-03-02,40604.55,40773.25,40312.9,40389.8,149213201,6231.45
2023-03-03,40671.4,41390.15,40605.35,41251.35,213840069,7013.08
2023-03-06,41418.4,41671.2,41259.15,41350.4,180157976,7703.48
2023-03-08,41178.35,41625.35,41100.35,41577.1,157566079,7158.23
2023-03-09,41532.65,41659.0,41208.1,41256.75,119231844,6603.11
2023-03-10,40805.25,40839.0,40341.7,40485.45,145262034,7322.45
2023-03-13,40356.1,40690.05,39454.6,39564.7,174457859,8875.86
2023-03-14,39522.4,39768.5,39132.6,39411.4,205727331,9906.59
2023-03-15,39777.9,39914.1,38934.65,39051.5,164310498,7339.38
2023-03-16,39061.7,39381.4,38613.15,39132.6,196309704,7430.53
2023-03-17,39442.4,39705.15,38926.8,39598.1,173387891,7490.16
2023-03-20,39512.1,39512.1,38941.9,39361.95,173823282,7300.67
2023-03-21,39599.65,39970.9,39366.3,39894.7,187936424,8669.1
2023-03-22,40036.0,40085.6,39837.8,39999.05,143616857,5887.94
2023-03-23,39836.15,40201.6,39552.5,39616.9,153170787,7988.11
2023-03-24,39555.25,39767.9,39294.9,39395.35,166141025,7575.24
2023-03-27,39484.7,39695.2,39273.75,39431.3,194157987,7757.95
2023-03-28,39545.05,39645.2,39326.1,39567.9,202320127,9219.68
2023-03-29,39611.55,40055.0,39609.55,39910.15,259640527,11694.21
2023-03-31,40231.25,40690.4,40180.2,40608.65,188002824,9261.53
2023-04-03,40695.8,40857.6,40535.9,40813.05,167454466,9198.94
2023-04-05,40972.3,41071.15,40802.65,40999.15,177376872,9194.61
2023-04-06,40940.7,41274.7,40820.55,41041.0,196452877,10791.31
2023-04-10,41116.15,41139.85,40727.25,40834.65,153859989,8727.71
2023-04-11,41232.0,41403.25,40990.2,41366.5,219237547,13404.0
2023-04-12,41426.0,41610.15,41332.0,41557.95,142985802,8208.97
2023-04-13,41680.1,42196.2,41502.65,42132.55,232564439,13769.52
2023-04-17,42603.55,42603.55,41799.0,42262.55,229078748,13081.8
2023-04-18,42406.95,42500.7,42114.35,42265.2,214189864,10108.59
2023-04-19,42280.1,42339.9,42022.15,42154.0,169982419,9147.47
2023-04-20,42218.5,42378.15,42108.85,42269.5,180246791,9164.53
2023-04-21,42252.55,42382.15,41962.35,42118.0,144147297,8254.2
2023-04-24,42469.95,42714.15,42269.1,42635.75,201023928,10977.6
2023-04-25,42731.6,42865.55,42601.5,42678.5,262419867,16091.04
2023-04-26,42559.05,42875.6,42432.25,42829.9,177952224,10076.71
2023-04-27,42753.9,43043.4,42736.6,43000.85,181354187,11125.02
2023-04-28,43045.5,43302.05,42810.35,43233.9,238716537,9596.55
2023-05-02,43395.05,43483.85,43269.4,43352.1,241565172,8918.99
2023-05-03,43154.85,43354.95,43078.15,43312.7,175911031,8162.64
2023-05-04,43236.1,43739.8,43213.95,43685.45,175448903,10303.65
2023-05-05,43110.65,43588.0,42582.2,42661.2,251224734,12574.43
2023-05-08,42796.85,43418.55,42780.3,43284.0,223352243,9264.84
2023-05-09,43438.55,43533.25,43125.85,43198.15,228991809,10382.06
2023-05-10,43275.25,43383.65,42822.15,43331.05,249129783,11364.82
2023-05-11,43535.1,43774.25,43367.25,43475.3,190686219,9826.89
2023-05-12,43447.15,43905.95,43347.75,43793.55,144937627,6915.09
2023-05-15,43821.05,44151.7,43666.6,44072.1,161260256,6189.39
2023-05-16,44144.15,44144.15,43815.7,43903.7,222536217,10093.99
2023-05-17,43948.5,43992.75,43446.4,43698.7,203597921,9812.19
2023-05-18,44006.9,44079.2,43673.7,43752.3,226492176,12657.89
2023-05-19,43930.0,44020.9,43531.9,43969.4,192042449,9384.53
2023-05-22,43935.3,44026.75,43684.9,43885.1,183783537,8083.39
2023-05-23,43978.9,44095.25,43852.2,43954.45,142021247,7352.99
2023-05-24,43751.95,44010.45,43639.8,43677.85,148625634,8248.12
2023-05-25,43630.25,43719.85,43390.3,43681.4,170186160,8602.95
2023-05-26,43765.35,44067.6,43588.8,44018.0,143222738,6120.71
2023-05-29,44276.8,44483.35,44193.95,44311.9,148580468,6899.27
2023-05-30,44277.35,44498.6,44207.5,44436.35,157593352,9002.94
2023-05-31,44318.0,44339.05,43822.7,44128.15,305745119,30474.33
2023-06-01,44172.05,44179.95,43706.15,43790.2,182945759,10854.82
2023-06-02,43997.3,44088.9,43812.55,43937.85,123851342,6150.87
2023-06-05,44103.25,44266.15,44074.2,44101.65,124513498,6395.22
2023-06-06,44156.7,44236.2,44009.7,44164.55,123561408,7703.56
2023-06-07,44318.7,44346.3,44143.5,44275.3,119216872,7450.27
2023-06-08,44208.3,44459.25,43917.9,43995.25,160157265,9066.63
2023-06-09,44045.75,44220.1,43932.6,43989.0,132310915,8922.34
2023-06-12,44035.2,44124.95,43874.05,43944.2,91412250,4657.88
2023-06-13,43889.7,44138.15,43889.7,44079.85,160045490,9026.03
2023-06-14,44181.65,44212.35,43956.15,43988.0,154599371,6902.13
2023-06-15,44054.35,44077.45,43397.5,43443.6,228184460,10402.67
2023-06-16,43583.35,44083.25,43536.95,43938.15,234688714,6524.62
2023-06-19,44015.3,44040.35,43501.4,43633.75,234897358,9396.05
2023-06-20,43597.55,43823.95,43345.95,43766.5,161879136,6951.08
2023-06-21,43894.4,43946.7,43698.95,43859.2,179991909,6449.9
2023-06-22,43874.8,44042.15,43663.35,43724.85,263760682,11850.43
2023-06-23,43641.6,43824.1,43519.55,43622.9,161308806,6132.03
2023-06-26,43714.75,43773.1,43541.75,43641.05,120687324,5075.61
2023-06-27,43804.55,44194.65,43693.15,44121.5,137304064,6984.16
2023-06-28,44419.5,44508.4,44163.2,44327.8,243833321,12900.23
2023-06-30,44666.0,44787.1,44447.2,44747.35,191257943,8995.82
2023-07-03,44957.95,45353.2,44882.1,45158.1,228168358,9243.6
2023-07-04,45310.55,45655.5,45000.25,45301.45,462969627,11991.7
2023-07-05,45169.7,45418.9,45073.4,45151.8,366287666,10661.77
2023-07-06,45060.55,45417.5,45042.6,45339.9,244924069,10612.41
2023-07-07,45118.05,45227.25,44844.8,44925.0,220933310,6423.58
2023-07-10,44958.65,45184.3,44721.9,44860.85,220868631,8211.64
2023-07-11,44998.0,45139.55,44663.05,44745.05,208991985,10144.86
2023-07-12,44872.6,44937.25,44562.4,44639.45,233078214,13001.64
2023-07-13,45009.3,45085.15,44612.2,44665.05,336819265,12694.9
2023-07-14,44860.65,44923.85,44547.8,44819.3,196327724,8116.45
2023-07-17,44951.2,45556.45,44695.05,45449.75,245926389,11035.15
2023-07-18,45754.8,45905.85,45281.3,45410.85,307330861,16309.6
2023-07-19,45622.5,45707.4,45433.0,45669.3,261049956,9903.75
2023-07-20,45689.05,46256.2,45640.95,46186.9,315179894,15550.1
2023-07-21,46063.95,46369.5,45925.9,46075.2,235593414,10250.66
2023-07-24,46131.9,46191.5,45858.75,45923.05,225835415,10127.18
2023-07-25,46154.7,46156.1,45622.85,45845.0,228145332,13407.44
2023-07-26,45935.15,46096.6,45804.7,46062.35,298409899,7779.64
2023-07-27,46285.85,46310.1,45570.65,45679.3,320421936,14491.84
2023-07-28,45560.9,45727.75,45238.8,45468.1,194666588,8389.2
2023-07-31,45546.35,45694.9,45359.75,45651.1,247859113,8729.51
2023-08-01,45740.0,45782.75,45471.05,45592.5,175242040,8546.57
2023-08-02,45234.65,45404.9,44720.9,44995.7,233601314,8677.17
2023-08-03,44862.85,45038.45,44279.4,44513.45,245769556,14309.39
2023-08-04,44754.75,45118.05,44520.55,44879.5,245171463,12540.56
2023-08-07,44993.7,45011.35,44773.85,44837.5,200781677,9590.15
2023-08-08,44888.95,45096.85,44817.85,44964.45,229405682,11285.94
2023-08-09,44973.45,44975.0,44533.75,44880.7,177283295,8244.22
2023-08-10,44797.65,44980.35,44418.4,44541.8,232038617,12500.78
2023-08-11,44568.15,44571.25,44120.9,44199.1,196900504,8398.35
2023-08-14,44066.6,44212.75,43776.9,44090.95,172325405,8565.67
2023-08-16,43726.25,44002.8,43600.35,43946.4,159009616,7794.15
2023-08-17,43897.25,44071.85,43745.1,43891.35,266374133,12388.63
2023-08-18,43724.75,43957.65,43672.45,43851.05,167584420,7299.32
2023-08-21,43952.85,44113.8,43862.0,44002.0,126311003,6152.35
2023-08-22,44125.0,44151.3,43938.7,43993.25,160746391,7997.31
2023-08-23,44064.5,44521.65,43952.05,44479.05,212380487,9264.63
2023-08-24,44704.2,44949.9,44433.75,44496.2,220421097,11640.43
2023-08-25,44276.2,44359.1,43983.75,44231.45,152511949,6418.26
2023-08-28,44253.65,44610.4,44201.45,44494.65,162966392,6459.5
2023-08-29,44655.75,44673.0,44429.8,44495.25,140261809,7348.76
2023-08-30,44706.55,44779.65,44149.8,44232.6,153146734,7120.71
2023-08-31,44265.85,44399.65,43895.05,43989.15,705076481,22944.35
2023-09-01,43996.1,44568.55,43830.75,44436.1,320777071,10328.28
2023-09-04,44647.65,44656.05,44310.95,44578.3,238633547,7239.65
2023-09-05,44625.05,44668.7,44401.7,44532.15,225502820,9163.0
2023-09-06,44494.65,44577.0,44207.25,44409.1,252042492,13586.52
2023-09-07,44418.05,44915.55,44341.2,44878.35,169135265,7633.64
2023-09-08,44953.65,45383.35,44812.15,45156.4,179081128,7981.56
2023-09-11,45340.8,45636.2,45231.3,45570.7,228140725,7468.15
2023-09-12,45893.8,45893.8,45322.55,45511.35,271358960,10172.39
2023-09-13,45449.35,45990.5,45299.4,45909.45,441730790,13835.45
2023-09-14,46013.3,46153.9,45801.5,46000.85,238571609,7707.6
2023-09-15,46122.15,46310.4,46028.75,46231.5,278351267,20191.93
2023-09-18,46100.95,46252.95,45906.9,45979.85,348764457,10538.53
2023-09-20,45493.7,45745.15,45276.4,45384.6,334008742,18829.96
2023-09-21,45179.6,45276.8,44592.45,44623.85,257738910,13103.32
2023-09-22,44707.35,44996.75,44548.9,44612.05,249378233,11352.13
2023-09-25,44615.0,44936.55,44400.9,44766.1,266505760,8410.26
2023-09-26,44722.5,44773.8,44532.45,44624.2,188450888,6921.22
2023-09-27,44465.9,44668.0,44182.5,44588.3,221854101,8518.1
2023-09-28,44700.35,44756.8,44248.2,44300.95,389938076,15365.78
2023-09-29,44445.35,44755.05,44344.9,44584.55,155984970,7457.08
2023-10-03,44561.5,44566.3,44243.1,44399.05,192648191,8839.94
2023-10-04,44108.15,44161.35,43857.5,43964.05,310337941,13684.99
2023-10-05,44181.35,44391.85,44108.3,44213.35,243397808,8920.31
2023-10-06,44395.4,44500.7,44242.95,44360.6,157546711,5072.44
2023-10-09,44057.8,44113.2,43796.75,43886.5,162329888,5048.43
2023-10-10,44027.55,44487.25,44004.55,44360.15,175255784,7051.3
2023-10-11,44554.9,44710.55,44411.4,44516.9,213743273,8163.77
2023-10-12,44571.55,44693.05,44530.05,44599.2,112113681,5310.57
2023-10-13,44322.05,44563.05,44203.7,44287.95,169909362,8569.73
2023-10-16,44204.75,44356.95,44044.4,44225.9,140416279,5070.04
2023-10-17,44589.8,44589.85,44336.95,44409.5,120502257,6287.85
2023-10-18,44404.2,44412.5,43861.45,43888.7,217182886,7931.28
2023-10-19,43616.75,44058.8,43558.1,43754.5,156629503,7930.9
2023-10-20,43584.25,43877.5,43567.45,43723.05,152394312,6198.69
2023-10-23,43822.7,43831.3,43029.45,43151.2,201404300,7591.04
2023-10-25,43308.3,43397.45,42758.4,42832.0,188273620,7402.28
2023-10-26,42708.4,42716.2,42105.4,42280.15,307071946,12780.76
2023-10-27,42555.6,42840.15,42482.75,42782.0,213867839,7515.61
2023-10-30,42721.4,43112.5,42390.5,43039.15,188984726,5999.82
2023-10-31,43356.85,43356.85,42797.15,42845.95,157391487,7678.31
2023-11-01,42694.25,42815.15,42589.65,42700.95,145213582,6822.53
2023-11-02,43018.7,43271.5,42796.45,43017.2,144713411,7556.85
2023-11-03,43318.3,43416.1,43221.0,43318.25,124077759,4910.1
2023-11-06,43627.75,43648.7,43415.2,43619.4,149913775,6574.44
2023-11-07,43598.85,43799.35,43283.85,43737.9,198173326,9289.17
2023-11-08,43791.8,43797.55,43547.75,43658.65,163438317,8174.1
2023-11-09,43626.1,43876.75,43542.65,43683.6,108890302,5404.57
2023-11-10,43543.25,43908.7,43504.95,43820.1,89974914,4066.49
2023-11-12,44054.5,44056.0,43916.6,43996.65,26541813,876.91
2023-11-13,43915.1,43970.75,43681.4,43891.25,169596833,6306.65
2023-11-15,44398.45,44408.55,44164.55,44201.7,202535584,9618.46
2023-11-16,44251.7,44420.95,44064.15,44161.55,144312535,7219.22
2023-11-17,43656.25,43872.85,43513.85,43583.95,227415842,9025.22
2023-11-20,43591.5,43724.0,43450.05,43584.95,124319579,5666.42
2023-11-21,43790.95,43790.95,43586.45,43689.15,108196578,5746.35
2023-11-22,43663.6,43692.5,43230.95,43449.6,150863505,7329.92
2023-11-23,43452.75,43649.65,43451.35,43577.5,72280382,3834.27
2023-11-24,43607.35,43806.5,43566.15,43769.1,96846530,4775.9
2023-11-28,43851.55,43960.3,43739.8,43880.95,151249387,7047.12
2023-11-29,44081.75,44630.35,44003.45,44566.45,152338716,7734.64
2023-11-30,44711.2,44764.8,44254.6,44481.75,343168253,21570.23
2023-12-01,44580.15,44951.1,44531.75,44814.2,204927587,8180.31
2023-12-04,45671.5,46484.45,45484.2,46431.4,311170393,14550.11
2023-12-05,46895.9,47230.55,46653.65,47012.25,326064098,15573.44
2023-12-06,47256.75,47259.85,46750.2,46834.55,244245159,10666.48
2023-12-07,46735.4,46927.7,46507.15,46841.4,208148115,6747.85
2023-12-08,46797.2,47303.65,46793.9,47262.0,218254038,9180.03
2023-12-11,47233.3,47588.0,47186.6,47314.25,182500023,7276.41
2023-12-12,47421.7,47454.0,47004.05,47097.55,181986087,8796.84
2023-12-13,47190.75,47201.95,46886.9,47092.25,202304718,8905.84
2023-12-14,47567.65,47943.6,47510.85,47732.3,193093079,9839.45
2023-12-15,47939.9,48219.95,47632.85,48143.55,313865426,20163.08
2023-12-18,48068.5,48076.6,47806.7,47867.7,157255424,6762.4
2023-12-19,47940.4,48017.0,47646.05,47870.9,189789200,7801.73
2023-12-20,48085.35,48166.15,47202.65,47445.3,242487993,10779.73
2023-12-21,47172.45,47932.4,46919.7,47840.15,207998676,10008.37
2023-12-22,47837.75,48071.4,47415.85,47491.85,165824495,10615.92
2023-12-26,47576.4,47838.45,47411.65,47724.85,118747478,6180.81
2023-12-27,47818.5,48347.65,47806.7,48282.2,184934337,7976.75
2023-12-28,48479.05,48636.45,48343.15,48508.55,391088458,14240.16
2023-12-29,48374.85,48477.7,48091.85,48292.25,173986713,7476.67
2024-01-01,48203.45,48450.0,48044.15,48234.3,146861652,4959.89
2024-01-02,48194.8,48223.55,47689.8,47761.65,183177683,8751.01
2024-01-03,47796.3,47798.75,47481.35,47704.95,233345158,9832.53
2024-01-04,47805.4,48281.2,47738.15,48195.85,175744981,9718.17
2024-01-05,48245.55,48381.95,47822.85,48159.0,180954626,9834.28
2024-01-08,48096.65,48154.5,47387.35,47450.25,231436501,9469.54
2024-01-09,47705.4,47939.3,47156.05,47242.65,160987383,7934.05
2024-01-10,47073.85,47423.45,47010.8,47360.85,165160645,6969.8
2024-01-11,47538.6,47662.1,47237.0,47438.35,132519875,5966.43
2024-01-12,47572.7,47873.7,47408.5,47709.8,191640544,7146.18
2024-01-15,47891.05,48248.05,47825.4,48158.3,167053734,8548.16
2024-01-16,48109.95,48305.4,48002.85,48125.1,224460146,8140.38
2024-01-17,46573.95,47212.75,45979.6,46064.45,499645242,29225.38
2024-01-18,45492.75,46184.05,45430.7,45713.55,275044049,19277.92
2024-01-19,46103.5,46249.85,45558.05,45701.15,296609385,17405.47
2024-01-20,45989.25,46183.7,45640.9,46058.2,157202694,7004.79
2024-01-23,46495.45,46580.3,44886.1,45015.05,422624502,23485.75
2024-01-24,44489.4,45485.5,44489.4,45082.4,348696634,17822.46
2024-01-25,45057.95,45139.05,44429.0,44866.15,386805113,19114.35
2024-01-29,45171.5,45660.35,45110.9,45442.35,336781672,14163.2
2024-01-30,45481.5,45678.7,45206.05,45367.75,232110117,10108.33
2024-01-31,45295.65,46179.75,45071.2,45996.8,373131629,16491.11
2024-02-01,46164.9,46306.9,45668.35,46188.65,305721773,10681.78
2024-02-02,46568.2,46892.35,45901.25,45970.95,337040622,12743.15
2024-02-05,45962.25,46048.6,45615.1,45825.55,265909716,11202.01
2024-02-06,45891.2,45932.15,45527.0,45690.8,178592534,9115.56
2024-02-07,45944.6,46062.85,45620.5,45818.5,283674776,13737.11
2024-02-08,45973.85,46181.2,44893.75,45012.0,319908560,17193.25
2024-02-09,44986.75,45718.15,44859.15,45634.55,275980366,13111.21
2024-02-12,45664.3,45748.5,44633.85,44882.25,268816417,10317.6
2024-02-13,45056.8,45750.4,44819.55,45502.4,245860544,12243.15
2024-02-14,45014.65,46170.45,44860.75,45908.3,279949703,16369.67
2024-02-15,46027.1,46297.7,45590.2,46218.9,277735723,11616.29
2024-02-16,46454.3,46693.4,46264.4,46384.85,291383103,10101.23
2024-02-19,46554.9,46717.4,46317.7,46535.5,158391356,8048.39
2024-02-20,46444.9,47136.75,46367.8,47094.2,171886069,10520.32
2024-02-21,47363.4,47363.4,46886.95,47019.7,198947007,11151.61
2024-02-22,46934.55,47024.05,46426.85,46919.8,177182875,11307.92
2024-02-23,47060.7,47245.35,46723.15,46811.75,200518213,8632.88
2024-02-26,46615.85,46893.15,46513.55,46576.5,223684075,8008.66
2024-02-27,46480.2,46722.25,46324.9,46588.05,157256037,7924.81
2024-02-28,46640.9,46754.55,45852.55,45963.15,167271103,6980.13
2024-02-29,45881.45,46329.65,45661.75,46120.9,544734727,16455.05
2024-03-01,46218.0,47342.25,46218.0,47286.9,172519003,8587.25
2024-03-04,47318.5,47529.6,47191.65,47456.1,158086247,7795.84
2024-03-05,47265.7,47737.85,47196.75,47581.0,176908608,8513.12
2024-03-06,47451.65,48161.25,47442.25,47965.4,301719696,14489.87
2024-03-07,48035.8,48071.7,47747.2,47835.8,146312130,8873.38
2024-03-11,47792.2,47853.8,47230.65,47327.85,204168522,10257.14
2024-03-12,47351.35,47812.75,46884.45,47282.4,207215490,13545.13
2024-03-13,47341.15,47468.7,46842.15,46981.3,274610911,14793.18
2024-03-14,46825.75,47231.5,46565.55,46789.95,220394655,11310.48
2024-03-15,46572.1,46802.55,46310.5,46594.1,339276817,26718.21
2024-03-18,46458.75,46739.25,46022.15,46575.9,151328904,6888.3
2024-03-19,46421.9,46602.35,46258.75,46384.8,147080034,8734.12
2024-03-20,46392.9,46655.55,45828.8,46310.9,210365443,11766.43
2024-03-21,46674.85,46990.25,46570.15,46684.9,150392246,8896.96
2024-03-22,46634.9,46974.15,46566.8,46863.75,172184807,10851.42
2024-03-26,46552.95,46788.35,46529.05,46600.2,171655734,11171.03
2024-03-27,46643.45,46956.1,46643.45,46785.95,285050400,16539.74
2024-03-28,46827.85,47440.45,46827.85,47124.6,347979603,13594.54
2024-04-01,47391.05,47646.8,47373.1,47578.25,134089417,6573.0
2024-04-02,47490.75,47707.35,47408.55,47545.45,183398624,10412.26
2024-04-03,47350.25,47676.95,47279.8,47624.25,283779413,13792.53
2024-04-04,48086.2,48254.65,47712.7,48060.8,324271925,18895.59
2024-04-05,48104.65,48557.4,47894.5,48493.05,214305236,11909.32
2024-04-08,48586.75,48716.95,48424.65,48581.7,263381555,7900.46
2024-04-09,48810.8,48960.75,48568.25,48730.55,147583296,7024.79
2024-04-10,48879.55,49057.4,48669.25,48986.6,247065747,9611.82
2024-04-12,48671.2,48882.65,48477.55,48564.55,207985339,10643.84
2024-04-15,48057.5,48255.5,47725.8,47773.25,197115142,7882.76
2024-04-16,47436.7,47609.0,47316.55,47484.8,186069576,7841.45
2024-04-18,47592.7,47829.75,46982.15,47069.45,186371057,10326.12
2024-04-19,46744.95,47668.7,46579.05,47574.15,164580371,9513.25
2024-04-22,48145.7,48146.3,47628.45,47924.9,177719481,9898.66
2024-04-23,48299.6,48302.7,47899.3,47970.45,141110604,7677.26
2024-04-24,48120.9,48246.2,48028.7,48189.0,112159300,5867.57
2024-04-25,47772.65,48625.45,47737.2,48494.95,337412581,27018.59
2024-04-26,48660.0,48679.65,48088.25,48201.05,208118242,12146.84
2024-04-29,48359.9,49473.6,48342.7,49424.05,327134115,15966.76
2024-04-30,49477.1,49974.75,49249.9,49396.75,402874252,20351.02
2024-05-02,49262.0,49529.35,49123.6,49231.05,291857104,16230.32
2024-05-03,49375.05,49607.75,48659.7,48923.55,222964426,12837.75
2024-05-06,49174.55,49252.65,48784.0,48895.3,340187386,15200.24
2024-05-07,48965.05,49023.5,48213.75,48285.35,230306618,10179.38
2024-05-08,48124.2,48223.05,47851.15,48021.1,286041100,13795.53
2024-05-09,47976.35,48258.65,47440.65,47487.9,272914366,13331.32
2024-05-10,47555.5,47868.7,47313.35,47421.1,218854712,10013.36
2024-05-13,47389.8,47841.6,46983.25,47754.1,220865860,8760.91
2024-05-14,47748.85,47937.25,47607.85,47859.45,151958187,6712.08
2024-05-15,47923.1,47957.2,47534.5,47687.45,188783717,8763.34
2024-05-16,47945.85,48052.9,47340.35,47977.05,219943967,11108.34
2024-05-17,47842.95,48188.65,47758.8,48115.65,143821357,8123.45
2024-05-18,48197.3,48222.35,48108.15,48199.5,19246577,541.44
2024-05-21,47927.1,48259.75,47927.1,48048.2,166750558,9490.0
2024-05-22,48113.9,48114.05,47435.25,47781.95,204867369,11396.04
2024-05-23,47899.35,48829.7,47873.15,48768.6,184456258,11162.27
2024-05-24,48668.0,49052.95,48644.8,48971.65,135007612,7585.0
2024-05-27,49105.9,49688.85,49051.25,49281.8,226530645,9390.6
2024-05-28,49390.9,49511.15,49043.65,49142.15,155174235,7545.21
2024-05-29,48786.7,49022.6,48401.55,48501.35,183590101,10459.0
2024-05-30,48313.6,49044.6,48313.6,48682.35,151037825,9375.71
2024-05-31,48895.15,49122.55,48569.05,48983.95,303626980,18069.59
2024-06-03,50889.85,51133.2,50092.65,50979.95,453245928,25202.44
2024-06-04,50667.05,50667.05,46077.85,46928.6,653139446,33667.79
2024-06-05,47486.6,49362.9,46446.8,49054.6,546764854,28348.13
2024-06-06,49426.4,49672.75,48906.75,49291.9,250402400,14360.95
2024-06-07,49316.95,49943.2,49080.45,49803.2,170266438,10822.3
2024-06-10,49808.15,50252.95,49622.75,49780.9,195780219,9140.94
2024-06-11,49751.2,49970.3,49530.45,49705.75,128463766,8256.51
2024-06-12,49857.45,50233.4,49697.35,49895.1,211727177,11289.28
2024-06-13,50179.0,50186.45,49799.65,49846.7,125683920,7702.9
2024-06-14,49993.95,50102.6,49693.35,50002.0,154981105,7507.39
2024-06-18,50194.35,50562.15,49900.2,50440.9,189237872,9756.7
2024-06-19,50607.9,51957.0,50441.75,51398.05,435312462,24722.97
2024-06-20,51712.9,51842.2,51281.5,51783.25,235938598,12104.92
2024-06-21,51927.3,51934.35,51224.95,51661.45,289444673,23707.52
2024-06-24,51280.25,51783.95,51138.9,51703.95,176606126,9257.64
2024-06-25,51759.45,52746.5,51747.65,52606.0,204026702,16867.03
2024-06-26,52653.2,52988.3,52373.7,52870.5,214289918,14606.86
2024-06-27,52980.3,53180.75,52639.0,52811.3,332885647,18239.22
2024-06-28,52874.95,53030.3,52242.3,52342.25,244632703,11061.51
2024-07-01,52351.15,52656.15,52166.05,52574.75,139055322,6894.61
2024-07-02,52793.75,52828.45,51996.65,52168.1,194676008,12807.51
2024-07-03,52872.3,53256.7,52482.65,53089.25,332402593,22966.82
2024-07-04,53357.7,53357.7,52815.9,53103.7,163672180,10607.97
2024-07-05,52560.1,52817.85,52290.05,52660.35,199567941,14152.15
2024-07-08,52533.1,52710.8,52246.7,52425.8,158002550,8616.21
2024-07-09,52390.5,52626.6,52292.95,52568.8,145059721,10180.78
2024-07-10,52528.8,52528.8,52075.4,52189.3,228018571,12706.52
2024-07-11,52316.9,52400.3,51749.45,52270.65,138311489,9194.75
2024-07-12,52272.65,52794.55,52171.15,52278.9,170981035,11552.92
2024-07-15,52330.05,52662.25,52154.0,52455.9,186148129,11913.53
2024-07-16,52466.7,52619.05,52331.6,52396.8,158801629,9017.44
2024-07-18,52215.05,52782.75,52168.65,52620.7,139447000,9944.84
2024-07-19,52531.55,52586.75,52146.3,52265.6,134136064,7468.12
2024-07-22,52145.6,52427.0,51874.55,52280.4,175252965,11946.0
2024-07-23,52511.0,52547.55,51342.65,51778.3,207779807,12924.34
2024-07-24,51657.65,51944.65,50784.25,51317.0,292240419,15833.99
2024-07-25,50762.3,51006.1,50559.9,50888.75,188408002,11282.9
2024-07-26,50456.1,51398.6,50438.3,51295.95,215682852,12658.89
2024-07-29,51546.65,52340.25,51186.95,51406.25,513698890,21256.97
2024-07-30,51383.9,51957.75,51260.05,51499.3,235230150,14083.47
2024-07-31,51583.45,51663.1,51335.7,51553.4,219033329,12715.44
2024-08-01,51672.6,51877.15,51456.2,51564.0,156350445,8681.22
2024-08-02,51172.25,51608.7,51087.85,51350.15,162974928,10058.1
2024-08-05,50586.25,50747.55,49719.1,50092.1,257765967,12590.46
2024-08-06,50436.9,50688.8,49659.05,49748.3,162841378,10155.42
2024-08-07,50286.2,50292.45,49782.2,50119.0,170992476,10967.38
2024-08-08,50051.9,50440.75,49829.6,50156.7,124815472,8096.01
2024-08-09,50612.1,50707.75,50386.45,50484.5,120151553,7428.07
2024-08-12,50412.6,50830.7,50149.25,50577.95,163540890,9866.78
2024-08-13,50395.35,50559.25,49785.1,49831.85,148944173,10481.17
2024-08-14,49887.15,49959.25,49654.65,49727.3,137132065,8029.39
2024-08-16,50133.0,50603.4,49806.05,50516.9,130691206,7551.7
2024-08-19,50683.55,50728.25,50283.55,50368.35,115323210,6297.93
2024-08-20,50417.25,51025.6,50398.6,50803.15,144159443,8269.0
2024-08-21,50666.65,50772.45,50333.35,50685.55,180795768,11682.1
2024-08-22,50894.8,51080.0,50794.45,50985.7,133056374,6539.25
2024-08-23,51040.05,51117.85,50856.7,50933.45,88479768,5094.5
2024-08-26,51100.65,51317.85,51061.55,51148.1,100320793,6061.78
2024-08-27,51214.05,51404.7,50938.1,51278.75,111416843,8773.87
2024-08-28,51208.95,51260.75,51033.7,51143.85,128085581,8195.06
2024-08-29,51103.75,51368.95,50984.4,51152.75,143629783,10453.64
2024-08-30,51437.45,51466.55,51256.0,51351.0,478573056,47100.19
2024-09-02,51579.5,51579.5,51295.8,51439.55,150152857,8883.89
2024-09-03,51479.75,51750.1,51240.05,51689.1,127204798,9647.14
2024-09-04,51364.65,51503.55,51259.9,51400.25,159700071,8317.24
2024-09-05,51544.25,51636.75,51389.15,51473.05,129639285,7199.02
2024-09-06,51200.4,51380.05,50447.3,50576.85,185967220,10456.6
2024-09-09,50549.25,51192.75,50369.4,51117.8,172392082,8680.31
2024-09-10,51328.3,51366.0,50958.25,51272.3,119254409,8086.0
2024-09-11,51218.55,51420.15,50947.7,51010.0,145073630,7944.87
2024-09-12,51271.0,51878.1,51025.0,51772.4,127898149,9274.62
2024-09-13,51952.55,51994.1,51643.95,51938.05,151963664,7602.33
2024-09-16,52038.7,52208.7,51921.45,52153.15,93777745,5286.96
2024-09-17,52249.05,52284.6,52085.5,52188.65,111430870,6966.69
2024-09-18,52177.1,52954.2,52154.55,52750.4,205126988,11297.58
2024-09-19,52929.25,53353.3,52847.9,53037.6,164882787,9220.7
2024-09-20,53235.8,54066.1,53037.6,53793.2,271883692,24549.83
2024-09-23,53917.9,54197.95,53741.4,54105.8,163673628,8951.37
2024-09-24,54110.65,54247.7,53904.65,53968.6,192600707,10159.06
2024-09-25,53794.0,54141.3,53792.85,54101.65,184559680,9194.41
2024-09-26,54045.85,54467.35,54010.9,54375.35,170534996,9757.27
2024-09-27,54338.7,54338.7,53763.2,53834.3,217415265,12546.22
2024-09-30,53556.95,53726.4,52926.55,52978.1,190319755,8923.99
2024-10-01,52844.0,53235.25,52817.8,52922.6,240165035,9596.02
2024-10-03,52314.45,52582.95,51683.4,51845.2,272327853,13481.2
2024-10-04,51643.75,52358.35,51347.25,51462.05,255769234,12533.96
2024-10-07,51543.2,51784.8,50194.3,50478.9,328679712,19103.48
2024-10-08,50736.1,51176.05,50466.0,51021.0,153214037,8201.03
2024-10-09,51161.75,51707.15,50903.75,51007.0,310003563,12531.69
2024-10-10,51195.7,51659.45,51047.0,51530.9,123685597,6970.77
2024-10-11,51491.9,51560.0,51005.85,51172.3,109416180,6858.19
2024-10-14,51263.25,51893.0,51220.85,51816.9,126590926,7093.53
2024-10-15,51975.95,52022.05,51698.75,51906.0,101408546,6693.44
2024-10-16,51711.2,52031.6,51711.2,51801.05,94424408,5779.85
2024-10-17,51849.3,51930.2,51150.25,51288.8,107821058,6204.87
2024-10-18,51261.0,52199.45,51000.9,52094.2,139076902,9097.47
2024-10-21,52361.1,52577.5,51855.15,51962.7,145727673,10893.22
2024-10-22,52071.35,52257.3,51179.6,51257.15,203947181,11067.63
2024-10-23,51117.8,51551.55,51107.9,51239.0,208111850,9710.54
2024-10-24,51272.3,51781.55,51201.85,51531.15,171818678,7651.48
2024-10-25,51369.75,51501.05,50382.1,50787.45,271735399,14819.64
2024-10-28,51061.35,51589.15,51012.55,51259.3,447571902,12761.66
2024-10-29,51404.1,52354.85,51278.9,52320.7,374629247,14536.44
2024-10-30,51988.7,52220.0,51733.0,51807.5,247658224,11307.58
2024-10-31,51649.45,52005.6,51318.1,51475.35,319910762,10626.73
2024-11-01,51550.15,51825.5,51459.4,51673.9,51350377,1023.61
2024-11-04,51764.5,51764.5,51066.8,51215.25,320472374,10675.25
2024-11-05,51052.6,52289.55,50865.45,52207.25,244983932,12746.52
2024-11-06,52440.4,52493.95,52185.4,52317.4,219097414,10051.57
2024-11-07,52258.95,52377.25,51752.25,51916.5,160476603,7418.76
2024-11-08,51869.15,52007.15,51494.0,51561.2,157226476,8047.16
2024-11-11,51562.7,52177.7,51294.2,51876.75,160694052,7576.85
2024-11-12,52053.75,52169.05,51006.85,51157.8,131415636,8256.31
2024-11-13,51030.95,51353.5,49904.4,50088.35,207050329,9648.29
2024-11-14,50053.45,50561.8,49939.35,50179.55,133887043,6834.4
2024-11-18,50312.45,50445.8,50074.0,50363.8,161525597,7291.66
2024-11-19,50580.55,50983.5,50440.85,50626.5,185755396,11808.91
2024-11-21,50625.0,50652.15,49787.1,50372.9,254623745,11059.22
2024-11-22,50512.8,51271.5,50508.25,51135.4,183377690,9726.6
2024-11-25,52046.35,52331.1,51774.05,52207.5,458462507,48724.25
2024-11-26,52554.9,52555.5,51999.75,52191.5,113118684,6692.01
2024-11-27,52154.3,52444.35,52019.65,52301.8,151590455,9483.92
2024-11-28,52389.95,52760.2,51782.9,51906.85,172034869,11035.07
2024-11-29,51984.15,52170.9,51759.45,52055.6,139625360,7754.53
2024-12-02,52087.65,52197.25,51693.95,52109.0,102500670,5850.86
2024-12-03,52357.95,52780.9,52216.85,52695.75,173561594,10201.25
2024-12-04,52775.0,53387.1,52685.15,53266.9,228584540,11813.29
2024-12-05,53354.45,53888.3,52850.35,53603.55,155605811,11440.43
2024-12-06,53634.2,53868.5,53160.65,53509.5,209369122,8276.79
2024-12-09,53380.75,53775.1,53326.4,53407.75,121821865,6989.26
2024-12-10,53450.05,53624.05,53302.65,53577.7,121836590,5376.71
2024-12-11,53459.3,53648.05,53302.15,53391.35,101587795,5690.56
2024-12-12,53201.0,53537.45,53174.4,53216.45,99473861,6140.28
2024-12-13,53109.8,53654.0,52264.55,53583.8,139912483,7776.14
2024-12-16,53502.5,53738.9,53335.0,53581.35,85755127,4980.12
2024-12-17,53394.1,53515.7,52709.4,52834.8,116219553,6731.56
2024-12-18,52696.95,52827.6,52010.65,52139.55,149536630,6980.26
2024-12-19,51428.45,51789.85,51263.75,51575.7,145941694,8027.55
2024-12-20,51401.35,51629.0,50609.35,50759.2,228200799,16375.69
2024-12-23,51044.4,51417.35,51030.4,51317.6,110847696,4510.06
2024-12-24,51314.95,51382.1,51137.5,51233.0,112046629,5487.6
2024-12-26,51395.8,51740.0,50951.8,51170.7,91270844,4498.69
2024-12-27,51268.2,51628.45,51240.1,51311.3,78171919,4120.89
2024-12-30,51255.35,51979.75,50718.35,50952.75,316292024,11753.32
2024-12-31,50648.2,50945.55,50599.8,50860.2,105274010,5698.85
2025-01-01,50841.9,51321.95,50485.05,51060.6,81129924,3485.94
2025-01-02,51084.95,51672.75,50992.8,51605.55,134402813,6772.81
2025-01-03,51567.15,51671.6,50904.35,50988.8,148238026,8040.74
2025-01-06,50990.65,51026.1,49751.0,49922.0,184590426,7006.9
2025-01-07,50061.2,50447.6,49969.3,50202.15,103825140,5397.67
2025-01-08,50201.75,50246.9,49389.75,49835.05,131178850,6950.22
2025-01-09,49712.55,49798.1,49230.15,49503.5,136379631,8842.81
2025-01-10,49426.5,49483.15,48631.2,48734.15,142386637,6354.11
2025-01-13,48264.25,48606.35,47898.35,48041.25,168780899,7299.58
2025-01-14,48266.9,49007.35,48235.2,48729.15,151923269,7745.76
2025-01-15,48832.75,49083.65,48522.4,48751.7,145112403,5702.11
2025-01-16,49082.9,49459.0,49038.45,49278.7,146732136,7742.3
2025-01-17,48959.5,49047.2,48309.5,48540.6,130598508,8620.64
2025-01-20,48834.15,49650.6,48683.6,49350.8,173115109,10519.88
2025-01-21,49532.0,49543.15,48430.95,48570.9,134686328,9193.77
2025-01-22,48689.55,48781.75,48074.05,48724.4,151683951,8347.43
2025-01-23,48770.15,48892.7,48493.0,48589.0,124573638,8807.77
2025-01-24,48546.05,48858.65,48203.0,48367.8,139948431,7505.19
2025-01-27,47881.65,48319.2,47844.15,48064.65,271808231,8969.36
2025-01-28,48642.5,49247.15,48449.05,48866.85,299944475,12208.48
2025-01-29,48997.2,49199.65,48849.8,49165.95,177169221,5952.79
2025-01-30,49206.2,49426.2,49031.8,49311.95,197906088,8567.72
2025-01-31,49259.65,49674.8,49031.8,49587.2,232021331,7728.28
2025-02-01,49592.55,50009.5,48925.45,49506.95,118009351,3955.85
2025-02-03,49074.8,49373.45,48906.05,49210.55,122888691,5789.59
2025-02-04,49538.8,50206.6,49482.5,50157.95,155659931,9984.88
2025-02-05,50402.3,50522.15,50215.45,50343.05,148953623,7176.17
2025-02-06,50468.35,50553.35,50149.8,50382.1,158402021,8485.81
2025-02-07,50484.45,50641.75,49871.15,50158.85,178726541,9150.02
2025-02-10,50052.5,50155.65,49703.1,49981.0,98420678,5412.83
2025-02-11,49812.15,49906.75,49177.4,49403.4,127015655,6260.18
2025-02-12,49402.25,49702.35,48734.35,49479.45,136468017,6944.33
2025-02-13,49469.35,49836.1,49276.1,49359.85,118606192,7310.63
2025-02-14,49485.65,49592.95,48719.75,49099.45,130641404,6228.74
2025-02-17,48880.4,49319.0,48525.6,49258.9,114805488,5147.25
2025-02-18,49211.85,49328.55,48814.95,49087.3,107781259,5531.66
2025-02-19,48895.35,49628.25,48804.0,49570.1,113250369,5739.81
2025-02-20,49314.1,49455.8,49150.95,49334.55,111960237,6208.97
2025-02-21,49127.95,49306.55,48764.0,48981.2,95345014,5055.3
2025-02-24,48619.8,48748.4,48281.9,48651.95,95748720,5512.2
2025-02-25,48691.2,48862.15,48534.15,48608.35,106651228,6429.81
2025-02-27,48732.2,48972.55,48627.1,48743.8,186728631,9357.41
2025-02-28,48437.55,48574.5,48078.7,48344.7,287716653,18190.01
2025-03-03,48478.6,48574.7,47841.3,48114.3,151025906,6405.82
2025-03-04,47942.5,48374.9,47924.75,48245.2,139300167,6415.75
2025-03-05,48241.3,48657.65,48190.25,48489.95,127803810,6244.51
2025-03-06,48760.0,48839.1,48299.4,48627.7,137393647,8118.72
2025-03-07,48463.8,48709.05,48359.35,48497.5,106040439,5259.86
2025-03-10,48312.0,48599.15,48124.65,48216.8,123771352,6129.4
2025-03-11,47874.8,48029.05,47702.9,47853.95,222380296,12487.44
2025-03-12,47894.4,48222.15,47844.95,48056.65,243281505,13858.73
2025-03-13,48219.15,48352.45,48006.1,48060.4,145864976,7179.86
2025-03-17,48219.55,48481.35,48196.1,48354.15,131272921,6980.6
2025-03-18,48792.9,49400.3,48629.45,49314.5,146550294,8229.85
2025-03-19,49375.4,49807.55,49324.8,49702.6,137635415,6785.05
2025-03-20,49947.6,50155.3,49771.65,50062.85,115743962,5905.18
2025-03-21,49927.1,50672.15,49891.95,50593.55,225498916,18532.21
2025-03-24,50982.7,51801.15,50795.9,51704.95,180444979,8885.39
2025-03-25,51874.2,52063.95,51429.6,51607.95,185197665,12224.07
2025-03-26,51640.05,51875.8,51069.15,51209.0,152895952,8525.79
2025-03-27,51084.7,51714.35,51050.85,51575.85,415772852,15234.89
2025-03-28,51608.4,51839.1,51335.35,51564.85,171152969,7586.83
2025-04-01,51178.15,51683.85,50742.0,50827.5,176322972,8505.05
2025-04-02,50966.9,51404.2,50908.35,51348.05,149906457,5545.35
2025-04-03,50910.0,51661.6,50906.65,51597.35,291159558,5960.55
2025-04-04,51711.6,51893.6,51360.4,51502.7,189607641,8445.89
2025-04-07,49336.1,50426.25,49156.95,49860.1,236789593,11587.08
2025-04-08,50388.55,50793.7,50030.8,50511.0,162259279,9082.76
2025-04-09,50487.1,50496.9,49910.85,50240.15,141787861,7324.09
2025-04-11,50634.1,51244.7,50634.1,51002.35,139974934,8735.46
2025-04-15,52299.0,52486.35,51863.3,52379.5,203761353,11819.68
2025-04-16,52690.9,53164.45,52471.35,53117.75,200504101,10526.17
2025-04-17,53153.75,54407.2,53084.9,54290.2,294946433,13719.04
2025-04-21,54891.25,55461.65,54674.95,55304.5,267372839,13622.84
2025-04-22,55414.3,55961.2,55243.55,55647.2,276879053,15645.82
2025-04-23,56097.1,56098.7,55162.5,55370.05,245520423,11723.19
2025-04-24,55103.9,55550.45,55088.4,55201.4,233218409,12002.95
2025-04-25,55233.55,55350.55,54176.45,54664.05,210766304,9679.83
2025-04-28,54610.3,55577.4,54582.35,55432.8,178630188,7103.46
2025-04-29,55524.35,55957.75,55262.4,55391.25,193903416,8373.38
2025-04-30,55382.4,55478.25,54723.7,55087.15,193527310,11916.11
2025-05-02,55100.95,55691.95,54994.4,55115.35,154187346,8648.95
2025-05-05,55065.8,55345.5,54786.5,54919.5,139409242,8876.74
2025-05-06,54918.25,55036.95,54172.95,54271.4,198690472,8440.53
2025-05-07,54013.4,54684.3,53919.9,54610.9,268883957,9325.72
2025-05-08,54801.75,54937.25,54108.0,54365.65,302197374,12890.73
2025-05-09,53595.95,54054.8,53483.05,53595.25,179290315,8109.92
2025-05-12,54658.75,55466.3,54558.05,55382.85,199594158,8894.5
2025-05-13,55233.5,55499.65,54888.5,54940.85,190035885,9256.83
2025-05-14,55008.55,55208.6,54491.0,54801.3,145169571,6288.89
2025-05-15,54853.7,55490.55,54442.3,55355.6,138421253,10195.93
2025-05-16,55276.0,55418.9,55170.25,55354.9,136045212,7512.92
2025-05-19,55326.05,55695.55,55296.55,55420.7,138063909,5421.58
2025-05-20,55445.3,55568.35,54829.45,54877.35,143426306,7986.79
2025-05-21,55060.2,55336.85,54690.8,55075.1,119459912,5560.63
2025-05-22,54875.9,54996.1,54576.6,54941.3,148227670,9220.0
2025-05-23,54959.3,55441.3,54854.5,55398.25,88891444,4424.62
2025-05-26,55534.9,55875.75,55307.5,55572.0,90838669,4382.84
2025-05-27,55458.95,55831.35,55037.85,55352.8,145380504,9236.52
2025-05-28,55328.6,55521.8,55235.55,55417.0,128321511,5986.31
2025-05-29,55571.4,55782.75,55096.45,55546.05,185730254,10394.38
2025-05-30,55615.55,55813.3,55356.6,55749.7,281056831,12623.12
2025-06-02,55598.25,55966.3,55400.55,55903.4,211302101,8722.91
2025-06-03,56104.8,56161.4,55455.8,55599.95,212808078,9937.61
2025-06-04,55650.35,55791.0,55408.35,55676.85,151488202,6067.58
2025-06-05,55806.75,56010.15,55580.45,55760.85,141281084,8518.57
2025-06-06,55699.45,56695.0,55534.75,56578.4,347023400,13035.84
2025-06-09,57049.5,57049.5,56792.7,56839.6,207484622,9138.51
2025-06-10,56993.9,57015.4,56564.15,56629.1,145969879,8256.92
2025-06-11,56639.85,56782.5,56399.4,56459.75,135259963,5477.92
2025-06-12,56480.9,56611.05,55968.5,56082.55,135273988,6460.33
2025-06-13,55149.3,55688.0,55149.3,55527.35,142013350,6042.45
2025-06-16,55554.1,55999.85,55381.45,55944.9,107684846,5492.66
2025-06-17,55975.0,56067.3,55643.95,55714.15,106308600,5617.54
2025-06-18,55544.95,55933.6,55511.8,55828.75,116387466,7214.0
2025-06-19,55784.85,55942.45,55475.45,55577.45,131337052,6875.2
2025-06-20,55566.7,56328.2,55566.4,56252.85,161498033,10192.14
2025-06-23,55832.35,56233.55,55779.25,56059.35,86815983,4154.17
2025-06-24,56529.45,56862.0,56276.15,56461.9,132949497,8261.84
2025-06-25,56564.5,56681.4,56420.65,56621.15,98673656,6054.77
2025-06-26,56693.55,57263.45,56558.35,57206.7,176543280,13209.6
2025-06-27,57234.7,57475.4,56993.85,57443.9,237982623,14041.67
2025-06-30,57529.95,57614.5,57193.8,57312.75,182974016,7876.79
2025-07-01,57375.8,57533.85,57150.35,57459.45,283276197,8734.24
2025-07-02,57558.2,57628.4,56833.8,56999.2,169590882,8026.46
2025-07-03,57050.4,57193.25,56764.1,56791.95,149891510,7232.62
2025-07-04,56825.25,57075.1,56623.6,57031.9,93858205,3871.5
2025-07-07,56938.7,57152.2,56838.55,56949.2,103275989,4714.0
2025-07-08,56942.55,57303.3,56923.05,57256.3,105496181,6733.82
2025-07-09,57199.75,57290.65,57037.9,57213.55,91106919,5469.02
2025-07-10,57339.75,57363.7,56886.6,56956.0,101997889,6552.97
2025-07-11,56843.45,57091.05,56607.75,56754.7,95543477,5114.03
2025-07-14,56780.75,56896.3,56594.25,56765.35,123043716,5307.24
2025-07-15,56709.2,57134.95,56707.8,57006.65,124577638,5808.52
2025-07-16,57111.25,57276.55,56937.6,57168.95,161253321,6912.99
2025-07-17,57231.95,57262.85,56780.15,56828.8,129763690,8491.69
2025-07-18,56524.25,56705.15,56204.85,56283.0,141249347,10339.98
2025-07-21,56558.9,56983.45,56255.7,56952.75,133656637,9301.52
2025-07-22,57253.35,57286.15,56692.0,56756.0,132755588,6922.17
2025-07-23,56918.15,57249.0,56715.8,57210.45,129781223,7142.4
2025-07-24,57316.6,57316.6,56850.9,57066.05,179807625,7304.96
2025-07-25,57170.7,57170.7,56439.4,56528.9,125071034,5848.19
2025-07-28,56215.1,56578.4,55997.45,56084.9,145685401,8419.46
2025-07-29,55881.8,56296.4,55843.25,56222.0,145111592,9195.07
2025-07-30,56310.1,56321.15,56064.55,56150.7,139650524,6484.04
2025-07-31,55728.15,56406.2,55547.35,55961.95,182793120,8710.55
2025-08-01,55897.15,56097.6,55562.1,55617.6,98888023,5412.38
2025-08-04,55557.5,55752.45,55437.3,55619.35,131113299,5603.22
2025-08-05,55545.05,55648.15,55202.85,55360.25,105715243,8349.26
2025-08-06,55329.8,55559.4,55227.7,55411.15,117597509,5603.16
2025-08-07,55215.65,55614.8,54973.55,55521.15,95473822,7276.11
2025-08-08,55609.35,55652.6,54905.6,55004.9,97278488,6115.9
2025-08-11,54999.35,55582.15,54927.55,55510.75,105180632,5551.53
2025-08-12,55441.1,55566.7,55001.5,55043.7,74654204,4460.93
2025-08-13,55340.05,55340.05,55026.95,55181.45,80068987,5057.23
2025-08-14,55102.55,55472.8,55074.3,55341.85,74186271,5318.26
2025-08-18,55940.6,56156.3,55647.65,55734.9,101715772,6271.46
2025-08-19,55622.3,55965.55,55608.15,55865.15,89334976,4838.22
2025-08-20,55751.5,55812.6,55577.35,55698.5,69080256,3929.98
2025-08-21,55972.05,55993.65,55708.2,55755.45,70335704,4599.75
2025-08-22,55669.25,55745.0,55102.6,55149.4,77141295,4904.87
2025-08-25,55147.75,55306.0,55048.4,55139.3,79872789,4868.15
2025-08-26,54999.05,55068.9,54396.1,54450.45,123812430,6273.37
2025-08-28,54256.0,54382.25,53768.45,53820.35,134329841,7653.16
2025-08-29,53660.35,54086.0,53606.45,53655.65,103888450,5331.99
2025-09-01,53658.15,54035.85,53658.15,54002.45,78043463,4371.98
2025-09-02,54038.25,54160.95,53578.0,53661.0,77543435,4545.09
2025-09-03,53630.75,54136.15,53561.75,54067.55,100090205,5767.26
2025-09-04,54379.6,54450.55,53971.85,54075.45,120031588,5982.67
2025-09-05,54308.05,54308.05,53719.55,54114.55,79909524,4054.63
2025-09-08,54215.4,54518.7,54067.15,54186.9,76257333,3946.01
2025-09-09,54330.55,54350.65,54079.45,54216.1,93756212,4528.25
2025-09-10,54554.75,54705.2,54400.0,54536.0,116930374,6868.05
2025-09-11,54413.05,54757.45,54402.4,54669.6,96854156,5404.27
2025-09-12,54781.55,54852.25,54580.35,54809.3,80119831,5076.51
2025-09-15,54884.05,55018.7,54807.5,54887.85,72024180,4241.76
2025-09-16,54778.4,55185.45,54777.75,55147.6,98659319,6423.62
2025-09-17,55158.35,55540.75,55146.55,55493.3,155327382,7513.03
2025-09-18,55797.1,55835.25,55490.9,55727.45,134323012,6702.33
2025-09-19,55647.95,55688.75,55355.3,55458.85,190004775,10395.61
2025-09-22,55429.3,55666.35,55215.6,55284.75,118640313,5523.7
2025-09-23,55248.7,55662.0,55159.0,55509.75,171202052,9829.85
2025-09-24,55387.1,55511.1,55040.45,55121.5,171980461,8150.01
2025-09-25,55061.65,55276.65,54903.3,54976.2,158420883,10191.4
2025-09-26,54797.9,54897.0,54310.95,54389.35,127686862,7130.77
2025-09-29,54460.4,54686.05,54226.6,54461.0,218344229,14281.61
2025-09-30,54705.5,54793.05,54502.95,54635.85,206876041,10837.77
2025-10-01,54653.9,55406.75,54582.55,55347.95,172989699,10393.05
2025-10-03,55182.6,55616.45,55177.0,55589.25,156863037,8879.41
2025-10-06,55834.7,56164.2,55727.25,56104.85,162639435,9726.97
2025-10-07,56126.4,56502.45,56025.05,56239.35,153742467,8757.24
2025-10-08,56098.5,56303.6,55821.0,56018.25,133591450,5798.8
2025-10-09,55979.0,56286.25,55843.9,56192.05,118029500,6049.16
2025-10-10,56168.6,56760.25,56152.45,56609.75,162952571,6722.44
2025-10-13,56337.05,56770.9,56327.4,56625.0,123486993,6454.29
2025-10-14,56598.65,56721.3,56230.15,56496.45,129845019,6690.65
2025-10-15,56528.95,56922.7,56491.85,56799.9,123701247,6914.83
2025-10-16,57139.95,57525.8,56994.7,57422.55,148601313,9667.33
2025-10-17,57362.9,57830.2,57238.65,57713.35,147161418,8960.74
2025-10-20,57872.85,58261.55,57872.85,58033.2,341715407,14041.65
2025-10-21,58063.4,58155.55,57887.2,58007.2,38968242,1679.12
2025-10-23,58314.55,58577.5,57951.45,58078.05,291556210,14314.53
2025-10-24,58172.75,58232.9,57482.05,57699.6,132081008,6654.57
2025-10-27,57796.45,58224.55,57652.75,58114.25,153027019,7555.3
2025-10-28,58006.55,58313.8,57770.35,58214.1,256079447,14036.42
2025-10-29,58316.25,58469.9,58087.05,58385.25,151847243,7845.76
2025-10-30,58152.05,58331.2,57999.2,58031.1,222993699,8385.96
2025-10-31,57942.45,58254.95,57656.95,57776.35,307922255,10392.19
2025-11-03,57726.85,58247.55,57718.4,58101.45,204665357,8247.6
2025-11-04,57966.65,58119.65,57732.95,57827.05,168559617,8624.42
2025-11-06,57714.8,57945.05,57521.0,57554.25,170428684,10257.32
2025-11-07,57391.4,58001.35,57157.85,57876.8,142423718,6208.77
2025-11-10,57846.2,58097.2,57846.2,57937.55,123385793,5940.6
2025-11-11,57962.3,58187.35,57594.25,58138.15,119589571,5909.76
2025-11-12,58505.35,58507.7,58171.85,58274.65,149265514,7073.06
2025-11-13,58158.75,58615.95,58127.1,58381.95,121244767,7470.55
2025-11-14,58050.0,58590.15,58050.0,58517.55,114807987,7021.35
2025-11-17,58696.3,59001.55,58605.3,58962.7,157460315,7287.68
2025-11-18,58990.5,59103.65,58798.9,58899.25,145542247,7631.35
2025-11-19,58908.15,59264.25,58688.55,59216.05,149831471,7295.78
2025-11-20,59308.2,59440.1,59125.25,59347.7,120021307,7609.52
2025-11-21,59116.7,59232.15,58823.65,58867.7,121382744,8057.86
2025-11-24,58996.9,59309.9,58649.5,58835.35,190388710,11105.72
2025-11-25,58925.65,59166.15,58746.2,58820.3,137380135,8120.31
2025-11-26,58783.05,59554.95,58783.05,59528.05,140180988,7695.58
2025-11-27,59605.3,59866.6,59523.0,59737.3,137809670,8782.7
2025-11-28,59758.7,59897.5,59598.95,59752.7,100023044,5839.54
2025-12-01,60102.05,60114.3,59527.6,59681.35,122326469,6594.81
2025-12-02,59354.2,59656.55,59251.95,59273.8,207110345,10056.56
2025-12-03,59158.7,59414.9,58925.7,59348.25,166403478,7160.87
2025-12-04,59287.1,59548.7,59062.15,59288.7,109589024,6142.41
2025-12-05,59133.2,59806.6,59106.55,59777.2,119481620,5949.78
2025-12-08,59672.05,59713.15,59030.6,59238.55,131203623,6335.61
2025-12-09,58918.85,59358.25,58878.45,59222.35,137801477,6893.1
2025-12-10,59281.55,59440.9,58853.9,58960.4,105165395,6092.67
2025-12-11,58966.2,59423.35,58799.9,59209.85,96941328,5351.23
2025-12-12,59401.5,59545.7,59224.85,59389.95,107708486,4737.26
2025-12-15,59053.7,59533.0,59044.65,59461.8,125225674,4598.78
2025-12-16,59288.75,59335.25,58966.35,59034.6,123339470,7236.18
2025-12-17,59072.8,59127.2,58801.4,58926.75,132704071,6795.81
2025-12-18,58712.7,59211.0,58712.7,58912.85,97400429,4817.54
2025-12-19,59047.4,59140.55,58897.5,59069.2,179050841,8478.14
2025-12-22,59224.75,59371.2,59155.5,59304.0,114820013,5343.13
2025-12-23,59334.35,59402.35,59216.75,59299.55,91776313,5263.89
2025-12-24,59322.95,59478.15,59118.25,59183.6,82531128,4757.08
2025-12-26,59092.85,59180.65,58947.05,59011.35,72911531,3167.65
2025-12-29,59007.05,59140.4,58809.55,58932.35,106916404,4496.35
2025-12-30,58885.95,59272.7,58737.6,59171.25,295715909,13803.3
2025-12-31,59194.6,59766.2,59187.1,59581.85,198772944,5653.52
