Date,IV_CE,IV_PE,IV
2021-01-01,0.2599929001618532,0.2535956162975942,0.2567942582297237
2021-01-04,0.39258907410220645,0.8468878373902856,0.619738455746246
2021-01-05,0.3452225199329834,0.9400359037908734,0.6426292118619285
2021-01-06,0.34521423142738694,0.9686946908799531,0.65695446115367
2021-01-07,0.3382182194837938,1.0133877419397823,0.675802980711788
2021-01-08,0.28113588282467955,0.25116213078777766,0.2661490068062286
2021-01-11,0.4251928984358863,0.7925038514449099,0.6088483749403981
2021-01-12,0.39316191533463646,0.8544891090005883,0.6238255121676124
2021-01-13,0.37683967251104344,0.9076267490949121,0.6422332108029778
2021-01-14,0.3877869454872646,0.9132668389787908,0.6505268922330277
2021-01-15,0.424901051108666,0.8858296346626972,0.6553653428856816
2021-01-18,0.48136451845670375,0.7105006772842966,0.5959325978705001
2021-01-19,0.41543144042453767,0.809116897876624,0.6122741691505809
2021-01-20,0.40862859847861205,0.8399047775789655,0.6242666880287888
2021-01-21,0.46010043749189405,0.8021017183022524,0.6311010778970733
2021-01-22,0.6107030520345129,0.4433910597964544,0.5270470559154836
2021-01-25,0.3151559264143178,0.31365175710331894,0.31440384175881836
2021-01-27,0.3478866854338525,0.3353480994973401,0.3416173924655963
2021-01-28,0.31914457423530673,0.3179506892331607,0.3185476317342337
2021-01-29,0.3270126250683528,0.3178577591846472,0.3224351921265
2021-02-01,0.2508374210095477,0.9804152773695378,0.6156263491895427
2021-02-02,0.295634170782655,1.0161141817934656,0.6558741762880603
2021-02-03,0.26197804080827747,0.993786749271101,0.6278823950396892
2021-02-04,0.2299236286474193,0.9786862225007424,0.6043049255740809
2021-02-05,0.16626131603305916,0.8229414735715441,0.49460139480230164
2021-02-08,0.16476042366945215,0.8598452761654006,0.5123028499174264
2021-02-09,0.16505352366359521,0.8875419213193757,0.5262977224914854
2021-02-10,0.18480922442096442,0.8554654272097882,0.5201373258153763
2021-02-11,0.19274011514300451,0.8671140466262823,0.5299270808846435
2021-02-12,0.16844310306723162,0.9420595557825427,0.5552513294248872
2021-02-15,0.2035644247938432,0.8909722753091229,0.5472683500514831
2021-02-16,0.22219843346741505,0.8747851045497359,0.5484917690085754
2021-02-17,0.24022901770658203,0.8602114461642767,0.5502202319354293
2021-02-18,0.2722449135920764,0.8273453275004541,0.5497951205462652
2021-02-19,0.22309158068946502,0.9116331214845096,0.5673623510869873
2021-02-22,0.29174060506457294,0.29468991234781144,0.2932152587061922
2021-02-23,0.2951765996100809,0.29008433490422453,0.2926304672571527
2021-02-24,0.2845175155347326,0.27770661876928493,0.28111206715200876
2021-02-25,0.28524935797227596,0.26287068962747473,0.2740600237998754
2021-02-26,0.34351033212699705,0.35112808584125405,0.34731920898412555
2021-03-01,0.31849750738420984,0.827631006963843,0.5730642571740264
2021-03-02,0.31201420037706223,0.8579121552503816,0.5849631778137219
2021-03-03,0.35965482539495297,0.8430320412114733,0.6013434333032132
2021-03-04,0.2907373733627575,0.9456195273992394,0.6181784503809984
2021-03-05,0.3368317965462339,0.3403290584079754,0.33858042747710465
2021-03-08,0.3367885720374436,0.36401834257659926,0.35040345730702144
2021-03-09,0.5541905981916051,0.6459020806832341,0.6000463394374196
2021-03-10,0.5541835964334274,0.6649551850937392,0.6095693907635833
2021-03-12,0.6349074967368266,0.6347548475935887,0.6348311721652076
2021-03-15,0.6850245320584446,0.5104464300790106,0.5977354810687276
2021-03-16,0.7550913786456577,0.4798486106314254,0.6174699946385416
2021-03-17,0.8664144603416156,0.4312526389836461,0.6488335496626308
2021-03-18,0.9484904049898791,0.40072382906429327,0.6746071170270862
2021-03-19,0.9087433053150098,0.43758977588163833,0.673166540598324
2021-03-22,1.0997531388996915,0.29576010172788286,0.6977566203137872
2021-03-23,0.999866841530335,0.3455754686019151,0.6727211550661251
2021-03-24,1.0408478017850877,0.321511764460009,0.6811797831225483
2021-03-25,0.7591382250988906,0.3038823222797097,0.5315102736893002
2021-03-26,1.0754318416146935,0.33570630449665173,0.7055690730556726
2021-03-30,0.3032490445254163,0.27838315585139306,0.29081610018840465
2021-03-31,0.31065935314397003,0.2880123810336588,0.29933586708881443
2021-04-01,0.2955178952378893,0.2353877780764223,0.2654528366571558
2021-04-05,1.015667828089012,0.31173960038096565,0.6637037142349888
2021-04-06,1.0716915060917815,0.27243780881282154,0.6720646574523015
2021-04-07,1.1140795902240004,0.31738016139506814,0.7157298758095343
2021-04-08,1.1799105950901425,0.30533004243851203,0.7426203187643272
2021-04-09,1.1458552983606387,0.3161952626147041,0.7310252804876713
2021-04-12,1.0653055152275641,0.23999354376979679,0.6526495294986805
2021-04-13,1.1447936929100835,0.2616976215736118,0.7032456572418476
2021-04-15,1.1090565841106514,0.29999303640761715,0.7045248102591343
2021-04-16,0.8649912749851026,0.3516013727338612,0.608296323859482
2021-04-19,1.068094587670462,0.30131168565597105,0.6847031366632165
2021-04-20,1.1080489873227464,0.29819913058902753,0.7031240589558869
2021-04-22,0.9962266645737567,0.3663506955145325,0.6812886800441447
2021-04-23,1.030054364291924,0.36853526806133663,0.6992948161766304
2021-04-26,0.3691054018570908,0.35673346830536884,0.3629194350812298
2021-04-27,0.350512411153212,0.34315137402936785,0.34683189259128994
2021-04-28,0.32618448635295755,0.3233862721542509,0.32478537925360423
2021-04-29,0.3171300992146408,0.33293998952997844,0.3250350443723096
2021-04-30,0.3472649827884723,0.3394181824646399,0.3433415826265561
2021-05-03,0.7944587271006652,0.395153575982836,0.5948061515417506
2021-05-04,0.8443646291884829,0.3820977851270464,0.6132312071577646
2021-05-05,0.7652141760269282,0.44123734150656907,0.6032257587667487
2021-05-06,0.772428711018035,0.4543129420224633,0.6133708265202491
2021-05-07,0.7725632094230306,0.470204090850029,0.6213836501365297
2021-05-10,0.5380526187437987,0.6007423875482513,0.569397503146025
2021-05-11,0.5855925172968836,0.5769622026247384,0.581277359960811
2021-05-12,0.6597518080850946,0.5351611226455739,0.5974564653653343
2021-05-14,0.732488034483018,0.5194346864944743,0.6259613604887462
2021-05-17,0.42209710097393627,0.7386826167281745,0.5803898588510554
2021-05-18,0.3774831601622725,0.8141853666812806,0.5958342634217766
2021-05-19,0.41103014148077605,0.7944617848921157,0.6027459631864459
2021-05-20,0.45826484992623895,0.7567096123432048,0.6074872311347219
2021-05-21,0.33082744101603223,0.9621420170768011,0.6464847290464166
2021-05-24,0.2764427477352685,0.27758020308397585,0.2770114754096222
2021-05-25,0.29708296312737936,0.26303627739172913,0.2800596202595542
2021-05-26,0.30122485405503574,0.2731500764062299,0.2871874652306328
2021-05-27,0.30619718476863445,0.2705657272399951,0.28838145600431475
2021-05-28,0.2851544865450465,0.2697446012433843,0.2774495438942154
2021-05-31,0.28952267200948545,0.936441081344119,0.6129818766768023
2021-06-01,0.27357230292344253,1.0009132672736645,0.6372427850985535
2021-06-02,0.3042234487158253,0.9465465086421133,0.6253849786789694
2021-06-03,0.2947867904967661,1.0013362161029766,0.6480615032998713
2021-06-04,0.29638075829375277,1.0480240004680699,0.6722023793809113
2021-06-07,0.2931179046766483,0.9003050730408004,0.5967114888587244
2021-06-08,0.3324974597414259,0.8649273672202151,0.5987124134808205
2021-06-09,0.3653260919386661,0.8375751290302336,0.6014506104844498
2021-06-10,0.33870142482995746,0.8996754775064181,0.6191884511681878
2021-06-11,0.35274894254764494,0.9025919633271301,0.6276704529373875
2021-06-14,0.3001653085709443,0.8860971250566206,0.5931312168137824
2021-06-15,0.27593175042036183,0.940831766811592,0.6083817586159769
2021-06-16,0.30379918478940476,0.9215556899247989,0.6126774373571018
2021-06-17,0.3464718111745751,0.8771073956921712,0.6117896034333732
2021-06-18,0.35992197749690547,0.8870217201126422,0.6234718488047739
2021-06-21,0.39416325007710584,0.7434662339175231,0.5688147419973144
2021-06-22,0.4126260238149882,0.7368414856552877,0.574733754735138
2021-06-23,0.441127011844567,0.7271404474581922,0.5841337296513796
2021-06-24,0.41922187528832666,0.773536486792328,0.5963791810403274
2021-06-25,0.3722987107600833,0.8666109479224038,0.6194548293412435
2021-06-28,0.19640934739084936,0.18533571470102378,0.19087253104593657
2021-06-29,0.1990189791467888,0.17792044882861402,0.1884697139877014
2021-06-30,0.20153521230155705,0.17846612097855344,0.19000066664005524
2021-07-01,0.19621460681516442,0.17299428841543638,0.1846044476153004
2021-07-02,0.18294322211728664,0.16837669298254185,0.17565995754991426
2021-07-05,0.6351043467215072,0.4952873333083746,0.5651958400149408
2021-07-06,0.5937643939501748,0.5427040732167605,0.5682342335834676
2021-07-07,0.578034447570473,0.5734657905368332,0.5757501190536531
2021-07-08,0.45163327950864307,0.5264276147658324,0.48903044713723776
2021-07-09,0.7033296896355687,0.5129434733563016,0.6081365814959352
2021-07-12,0.5596550717924487,0.5436283660732087,0.5516417189328287
2021-07-13,0.18795224539707545,0.6075971310490619,0.39777468822306866
2021-07-14,0.19230161766860543,0.6169000338083416,0.4046008257384735
2021-07-15,0.49697997900401164,0.656905158207467,0.5769425686057393
2021-07-16,0.40489245342848557,0.6491495267906349,0.5270209901095602
2021-07-19,0.5047248283730557,0.5900594574415702,0.547392142907313
2021-07-20,0.6050817075978033,0.5210408991305095,0.5630613033641565
2021-07-22,0.5889115169184197,0.5705061307949253,0.5797088238566726
2021-07-23,0.17794125229530663,0.16605898221071527,0.17200011725301095
2021-07-26,0.19041845071692098,0.17889266869776935,0.18465555970734515
2021-07-27,0.1995835018335897,0.18725000841461578,0.19341675512410272
2021-07-28,0.20621952847370087,0.1905830163887993,0.19840127243125008
2021-07-29,0.18951723533634632,0.17200878392267108,0.1807630096295087
2021-07-30,0.17798850588287934,0.172530936458486,0.17525972117068267
2021-08-02,0.5487543114922966,0.5210684827209598,0.5349113971066282
2021-08-03,0.4926297116681368,0.5877941103128314,0.540211910990484
2021-08-04,0.4045749828000985,0.7012625676262495,0.552918775213174
2021-08-05,0.43364521237642595,0.6875997116168717,0.5606224619966489
2021-08-06,0.4454896774509646,0.696787524139506,0.5711386007952353
2021-08-09,0.45200857887067375,0.5990139078107627,0.5255112433407182
2021-08-10,0.45915929446094533,0.6090968639697335,0.5341280792153394
2021-08-11,0.4955587185756665,0.5916477874898691,0.5436032530327678
2021-08-12,0.48792736632084716,0.6176106473047688,0.5527690068128079
2021-08-13,0.4694906668875887,0.6588736731376348,0.5641821700126117
2021-08-16,0.5171877764983919,0.5279865781331785,0.5225871773157852
2021-08-17,0.5560839385739323,0.5107897894731169,0.5334368640235246
2021-08-18,0.6101207625107405,0.4841357650031806,0.5471282637569606
2021-08-20,0.7165378666718285,0.15914559716160523,0.4378417319167169
2021-08-23,0.48078047199302787,0.5561448767411103,0.518462674367069
2021-08-24,0.41876713322681935,0.6374427592293194,0.5281049462280694
2021-08-25,0.4413888523745886,0.632047008850762,0.5367179306126753
2021-08-26,0.445302540619757,0.6465115283023374,0.5459070344610472
2021-08-27,0.4524108935855872,0.6591941860631984,0.5558025398243928
2021-08-30,0.17028593655718569,0.16386661437063751,0.1670762754639116
2021-08-31,0.1757763787438406,0.17655777634220016,0.17616707754302038
2021-09-01,0.18228358276454049,0.1737424972731362,0.17801304001883833
2021-09-02,0.18132588996918736,0.1703367630044343,0.17583132648681082
2021-09-03,0.17902975838836643,0.1659522631821985,0.17249101078528245
2021-09-06,0.4373121988778785,0.15585210513016157,0.29658215200402005
2021-09-07,0.22188298374393198,0.17188575974307838,0.19688437174350518
2021-09-08,0.432900281857409,0.6222544601181561,0.5275773709877826
2021-09-09,0.16648738887736136,0.16468041489807234,0.16558390188771685
2021-09-13,0.4576200808715886,0.5493475042704395,0.503483792571014
2021-09-14,0.4484055412587953,0.5744148390004313,0.5114101901296133
2021-09-15,0.4294484442977418,0.6137478466210657,0.5215981454594038
2021-09-16,0.3512661837475044,0.7302071236407638,0.540736653694134
2021-09-17,0.34277219284658045,0.7617610215601572,0.5522666072033688
2021-09-20,0.33766820265956715,0.6734017248881333,0.5055349637738502
2021-09-21,0.3351882289333878,0.6960417414833125,0.5156149852083501
2021-09-22,0.37011202506135277,0.6694435128226557,0.5197777689420042
2021-09-23,0.21654586821261637,0.795290179152442,0.5059180236825292
2021-09-24,0.2029463460066618,0.8159657591740449,0.5094560525903533
2021-09-27,0.2286426693857676,0.21255698520029823,0.2205998272930329
2021-09-28,0.24628458230828862,0.21514956054260195,0.23071707142544529
2021-09-29,0.25084612112909355,0.2142494682608389,0.23254779469496623
2021-09-30,0.24208894374035797,0.21595305180761748,0.2290209977739877
2021-10-01,0.2193412591016059,0.20641485378475602,0.21287805644318097
2021-10-04,0.42410776547581114,0.5647281109366097,0.4944179382062104
2021-10-05,0.41272487163747973,0.5926270143663703,0.502675943001925
2021-10-06,0.21851122347215715,0.17104107373698246,0.19477614860456982
2021-10-07,0.2075797995332461,0.19247334277200542,0.20002657115262576
2021-10-08,0.20240116700402103,0.19900026150740313,0.20070071425571206
2021-10-11,0.3157363120386827,0.6481686464065609,0.4819524792226218
2021-10-12,0.2998337843497172,0.6870063314573858,0.4934200579035515
2021-10-13,0.2950006582651322,0.7126698167693667,0.5038352375172495
2021-10-14,0.2423373669805577,0.8216238910188217,0.5319806289996897
2021-10-18,0.2930500821526527,0.6978666330956066,0.49545835762412965
2021-10-19,0.3088564582825349,0.6894870220119536,0.4991717401472442
2021-10-20,0.316988487396438,0.6987851401820261,0.5078868137892321
2021-10-21,0.2268123607264651,0.7775813463131876,0.5021968535198263
2021-10-22,0.26114938115839953,0.8317895663053124,0.546469473731856
2021-10-25,0.2219213876276385,0.19656150338245992,0.2092414455050492
2021-10-26,0.22573835186349925,0.19916450267675262,0.21245142727012595
2021-10-27,0.22330977482622966,0.1990606024496281,0.21118518863792887
2021-10-28,0.2326970004554972,0.21254849474222848,0.22262274759886286
2021-10-29,0.22252238657346982,0.1975964602073783,0.21005942339042405
2021-11-01,0.3193447516810489,0.7127982469948324,0.5160714993379407
2021-11-02,0.3075149182091215,0.7444259818350097,0.5259704500220657
2021-11-03,0.3624326393889182,0.6904777437482643,0.5264551915685912
2021-11-04,0.3538282092675296,0.7244648197110157,0.5391465144892726
2021-11-08,0.3089299662656495,0.6454804837352676,0.47720522500045853
2021-11-09,0.32263137229434197,0.6486407256277129,0.4856360489610274
2021-11-10,0.19131692382834814,0.1780663094372359,0.18469161663279202
2021-11-11,0.4179653081149297,0.5702229693473186,0.4940941387311242
2021-11-12,0.21121476215870533,0.6005551875338808,0.40588497484629305
2021-11-15,0.5528541105063403,0.3792840865559709,0.4660690985311556
2021-11-16,0.6186346836035925,0.3492292319628272,0.48393195778320985
2021-11-17,0.6712701534102663,0.3321292709773382,0.5016997121938023
2021-11-18,0.6920203131155037,0.3302778968309898,0.5111491049732467
2021-11-22,0.9254122299845934,0.21494292851199054,0.5701775792482919
2021-11-23,0.9099534385521754,0.2244491481182064,0.5672012933351909
2021-11-24,0.2332970896584243,0.2424867039037226,0.23789189678107345
2021-11-25,0.1809869378115146,0.23755485293897727,0.20927089537524593
2021-11-26,0.2321569479181361,0.17652707059797437,0.20434200925805523
2021-11-29,0.22579521490498003,0.21740227316260988,0.22159874403379495
2021-11-30,0.23023680982257533,0.2339486222973688,0.23209271605997206
2021-12-01,0.21547649556999762,0.21225725695266046,0.21386687626132905
2021-12-02,0.20553784140434864,0.19738795241137452,0.20146289690786157
2021-12-03,0.2145110845396984,0.20239786360791398,0.20845447407380618
2021-12-06,1.0940119826916725,0.16966016695217656,0.6318360748219245
2021-12-07,0.9288452218058774,0.22374785055511925,0.5762965361804984
2021-12-08,0.8186458488408612,0.27328060812576793,0.5459632284833146
2021-12-09,0.18656484720890165,0.26220744277390773,0.2243861449914047
2021-12-10,0.2006953077192987,0.26935097685003406,0.23502314228466636
2021-12-13,0.7100148199183344,0.2929614114721211,0.5014881156952278
2021-12-14,0.7261795915598962,0.29392981997031403,0.5100547057651051
2021-12-15,0.7566006666095731,0.289976172012337,0.523288419310955
2021-12-16,0.8164681264438131,0.2773803651436865,0.5469242457937498
2021-12-17,1.0184337151759915,0.21299526917746056,0.615714492176726
2021-12-20,1.0741641885911797,0.15254878064798794,0.6133564846195838
2021-12-21,1.051444541110413,0.16188718676400352,0.6066658639372082
2021-12-22,0.21977832663759947,0.22920580791399997,0.22449206727579973
2021-12-23,0.9577296667957319,0.20319889030269556,0.5804642785492138
2021-12-24,1.047361605854199,0.18244383164046188,0.6149027187473305
2021-12-27,0.23085756025433146,0.20746214006179725,0.21915985015806436
2021-12-28,0.23070515481947493,0.20752929740482537,0.21911722611215015
2021-12-29,0.22716381434839517,0.21662813591911073,0.22189597513375295
2021-12-30,0.23417370411727284,0.2061960992489815,0.22018490168312715
2021-12-31,0.21953034406237648,0.20240944707877853,0.2109698955705775
2022-01-03,,0.42680189387815953,0.42680189387815953
2022-01-04,0.43628385701546607,0.47945897671538107,0.45787141686542354
2022-01-05,0.3472961821847659,0.5905417588990072,0.4689189705418865
2022-01-06,0.2588584887262894,0.574474425048132,0.4166664568872107
2022-01-07,0.3550358628456338,0.6160835376596753,0.48555970025265455
2022-01-10,0.3263494550111922,0.5774030125894056,0.45187623380029895
2022-01-11,0.32404841889152014,0.5982123900478024,0.46113040446966125
2022-01-12,0.3030457986242349,0.6446288042783428,0.4738373014512889
2022-01-13,0.33522985510619613,0.623377049436039,0.4793034522711176
2022-01-14,0.35191255635515484,0.6213222992221227,0.48661742778863876
2022-01-17,0.2837087055556921,0.6248997041988239,0.454304204877258
2022-01-18,0.2894965215460783,0.6341954586182887,0.4618459900821835
2022-01-19,0.30941656713987314,0.2707458827427651,0.29008122494131916
2022-01-20,0.3367127759550651,0.6097906216601309,0.473251698807598
2022-01-21,0.3722247855790691,0.5838274440245376,0.47802611480180335
2022-01-24,0.3096295800906834,0.2904491276205533,0.30003935385561836
2022-01-25,0.2828122003168693,0.27082174441449686,0.2768169723656831
2022-01-27,0.29494542150479813,0.2726752557281551,0.28381033861647664
2022-01-28,0.2897478995592014,0.2726846656775842,0.2812162826183928
2022-01-31,0.3077262495740107,0.8071100706149549,0.5574181600944828
2022-02-01,0.18315149708233167,0.8956853112045289,0.5394184041434302
2022-02-02,0.12148421869404835,0.9623173034021363,0.5419007610480924
2022-02-03,0.23363684500016216,0.2227652104737217,0.22820102773694192
2022-02-04,0.21467618124539395,0.9887834961605396,0.6017298387029668
2022-02-07,0.40230965117655176,0.48233191787297514,0.4423207845247634
2022-02-08,0.4053006005050575,0.49338427260149126,0.4493424365532744
2022-02-09,0.3489187398270028,0.5703593268016699,0.4596390333143363
2022-02-10,0.21683476608067379,0.15770409371307179,0.18726942989687279
2022-02-11,0.22085177438054546,0.5783568926327198,0.39960433350663266
2022-02-14,0.6825036868226777,0.2821493127654357,0.48232649979405673
2022-02-15,0.5051952190908109,0.4002089765384551,0.452702097814633
2022-02-16,0.5443599025166351,0.3839932446123014,0.4641765735644683
2022-02-17,0.6185691461516243,0.3507289471037723,0.48464904662769825
2022-02-18,0.6189773386246773,0.10271629251035085,0.3608468155675141
2022-02-21,0.2562569579649129,0.21898914537601458,0.23762305167046371
2022-02-22,0.5267132674978983,0.2149729901556087,0.37084312882675347
2022-02-23,0.5334293061637422,0.24595568707997362,0.3896924966218579
2022-02-24,0.9272255748129569,0.20732539569692873,0.5672754852549428
2022-02-25,0.7095869245640544,0.3049385878260193,0.5072627561950368
2022-02-28,0.317460092066213,0.32813729653022167,0.32279869429821734
2022-03-02,0.345706216999123,0.3324143845242669,0.33906030076169497
2022-03-03,0.33400593312774673,0.33827964380731607,0.33614278846753143
2022-03-04,0.3342455643186398,0.3489172759209346,0.3415814201197872
2022-03-07,0.6978765941677032,0.1433464790972587,0.42061153663248096
2022-03-08,0.33055944011400995,0.16478342323878192,0.24767143167639594
2022-03-09,0.5345632569876348,0.22497576308669331,0.3797695100371641
2022-03-10,0.4304950558742301,0.2945748633499727,0.36253495961210136
2022-03-11,0.32125382093392474,0.30842289704314324,0.31483835898853396
2022-03-14,0.2460236151190239,0.4444508350829464,0.34523722510098515
2022-03-15,0.3373587759118195,0.4122739085211382,0.37481634221647886
2022-03-16,0.20928641595171799,0.5211705767311315,0.36522849634142474
2022-03-17,0.15484732171993337,0.6382699839973184,0.3965586528586259
2022-03-21,0.27872251479928756,0.26676250566501913,0.27274251023215335
2022-03-22,0.24243709842708683,0.319932557254312,0.2811848278406994
2022-03-23,0.3809407335767703,0.3031545199127791,0.3420476267447747
2022-03-24,0.323756976895325,0.2817224805134355,0.30273972870438026
2022-03-25,0.5136258525072646,0.23726892503961908,0.3754473887734418
2022-03-28,0.3134310822680244,0.28188711283511186,0.29765909755156816
2022-03-29,0.29359229003226367,0.27295052934983616,0.2832714096910499
2022-03-30,0.2645042996710405,0.25925891027898706,0.2618816049750138
2022-03-31,0.2620026441552252,0.24136992144220892,0.2516862827987171
2022-04-01,0.2291843115286333,0.24054730083148737,0.23486580618006034
2022-04-04,0.2237473416128591,0.6871840772097001,0.4554657094112796
2022-04-05,0.14564002910994173,0.7144637432335448,0.4300518861717433
2022-04-06,0.1751379329538477,0.6571728908981872,0.41615541192601746
2022-04-07,0.1883585114153582,0.6599713209454412,0.4241649161803997
2022-04-08,0.2576559846283639,0.20798515045183588,0.2328205675400999
2022-04-11,0.33817356496833617,0.34231757652826594,0.3402455707483011
2022-04-12,0.3273814927663789,0.2194529078464332,0.27341720030640604
2022-04-13,0.2846707019359531,0.166743839210768,0.22570727057336054
2022-04-18,0.425506236107115,0.2474694404772515,0.33648783829218326
2022-04-19,0.4947096061751453,0.21719056356578773,0.35595008487046653
2022-04-20,0.5071836450700419,0.21735624780916182,0.36226994643960186
2022-04-21,0.2307934941496467,0.26717705337402087,0.24898527376183377
2022-04-22,0.23515198035810608,0.20244492527519933,0.21879845281665272
2022-04-25,0.24197462404677159,0.24718523915488103,0.2445799316008263
2022-04-26,0.2196349059976459,0.23068690505257303,0.22516090552510948
2022-04-27,0.23356800602907307,0.2369417365825433,0.2352548713058082
2022-04-28,0.21375787256060788,0.2265042516775273,0.22013106211906758
2022-04-29,0.2211895081270342,0.23157651900740844,0.22638301356722132
2022-05-02,0.22858462022022014,0.2929989963887141,0.26079180830446713
2022-05-04,0.6302033073605199,0.22018960570809337,0.4251964565343066
2022-05-05,0.6509146799329907,0.22364000613436796,0.4372773430336793
2022-05-06,0.22902389196532144,0.24708753185838359,0.2380557119118525
2022-05-09,0.2537195709461835,0.22916958133547785,0.2414445761408307
2022-05-10,0.2529899641774515,0.25256782251990156,0.25277889334867654
2022-05-11,0.42715703885219686,0.2814674639777548,0.3543122514149758
2022-05-12,0.6514326588125333,0.286746440315861,0.46908954956419713
2022-05-13,0.7544773428753065,0.15193191854146912,0.45320463070838785
2022-05-16,0.32553248067913193,0.33520424112593866,0.3303683609025353
2022-05-17,0.24372433304193428,0.4325498304364593,0.33813708173919677
2022-05-18,0.26533453582336364,0.4205611841883235,0.34294786000584354
2022-05-19,0.38641357004369514,0.3162929345793268,0.35135325231151093
2022-05-20,0.23176288629839653,0.4509033829343696,0.34133313461638304
2022-05-23,0.22209501345336907,0.4497057363342066,0.3359003748937878
2022-05-24,0.24900854537177072,0.2757521060852482,0.26238032572850944
2022-05-25,0.24764826480351818,0.2852685242707987,0.2664583945371584
2022-05-26,0.23545730563593095,0.6055925569959091,0.42052493131592
2022-05-27,0.09876460314871986,0.7049578036549673,0.40186120340184356
2022-05-30,0.21640234030550318,0.23201859059035132,0.22421046544792725
2022-05-31,0.2199607628502313,0.24531791237740008,0.2326393376138157
2022-06-01,0.21707767335225972,0.23077041652644936,0.22392404493935453
2022-06-02,0.21265448242571686,0.22252341450826396,0.2175889484669904
2022-06-03,0.22338419334162699,0.22552934821400328,0.22445677077781512
2022-06-06,0.23058090394518174,0.2945533216259703,0.26256711278557604
2022-06-07,0.21390807397341016,0.2272239965797337,0.22056603527657193
2022-06-08,0.4475320770606585,0.2662964188304546,0.35691424794555654
2022-06-09,0.432236488450439,0.25621384626884885,0.3442251673596439
2022-06-10,0.2187947570406137,0.22736842316577255,0.22308159010319312
2022-06-13,0.6114754057083164,0.1655886787277022,0.3885320422180093
2022-06-14,0.6416801600283755,0.1611734075412864,0.40142678378483093
2022-06-15,0.6488802120846893,0.16700603627598928,0.4079431241803393
2022-06-16,0.824224376470163,0.12053003041951102,0.472377203444837
2022-06-17,0.8114076541687806,0.13139782415472362,0.4714027391617521
2022-06-20,0.3242910091149713,0.3307244814141501,0.3275077452645607
2022-06-21,0.2715018975146702,0.4028954628876857,0.33719868020117794
2022-06-22,0.31321873831491276,0.36157919219215073,0.33739896525353175
2022-06-23,0.28016432153292864,0.40725477919379494,0.3437095503633618
2022-06-24,0.2262487541433032,0.4882150852441416,0.35723191969372237
2022-06-27,0.22995036361388368,0.24160555864601146,0.2357779611299476
2022-06-28,0.23352160917339926,0.2393235905497336,0.23642259986156644
2022-06-29,0.2400165395969611,0.24624561736108866,0.24313107847902488
2022-06-30,0.22141365770194138,0.25737926220792035,0.23939645995493086
2022-07-01,0.22875420145327346,0.23430798009013734,0.23153109077170542
2022-07-04,0.2637371519572218,0.45094118073518996,0.3573391663462059
2022-07-05,0.2838421403944352,0.44118774395029925,0.36251494217236724
2022-07-06,0.23204063912595344,0.5206471584512573,0.37634389878860536
2022-07-07,0.20217369686353967,0.6224437494597072,0.4123087231616234
2022-07-08,0.18777469449999387,0.666869869293441,0.42732228189671745
2022-07-11,0.25902157185200847,0.2516671544287662,0.25534436314038733
2022-07-12,0.30416427187887785,0.34576193796400173,0.32496310492143976
2022-07-13,0.351274202453695,0.3154644921184676,0.3333693472860813
2022-07-14,0.18734770625505096,0.29956095023525436,0.24345432824515267
2022-07-15,0.1875964554039854,0.3084222133671018,0.2480093343855436
2022-07-18,0.23897068104495497,0.40213787026279396,0.32055427565387445
2022-07-19,0.20428913252861958,0.45638309621381534,0.33033611437121746
2022-07-20,0.1847678952304925,0.20659633461289847,0.1956821149216955
2022-07-21,0.16782511212651124,0.19439343530817701,0.18110927371734414
2022-07-22,0.12641965346270612,0.639580500660595,0.38300007706165057
2022-07-25,0.18285683253286802,0.21523103272459232,0.19904393262873016
2022-07-26,0.18507344706776327,0.2147210631634607,0.199897255115612
2022-07-27,0.18494541139543136,0.20990281037961595,0.19742411088752365
2022-07-28,0.16701619252928515,0.19209116892806996,0.17955368072867756
2022-07-29,0.16992559063676996,0.18686120055800456,0.17839339559738726
2022-08-01,0.17819608401211795,0.5514017172384325,0.3647989006252752
2022-08-02,0.16109422514959476,0.21943122538513213,0.19026272526736343
2022-08-03,0.18389195184242788,0.20613429546705353,0.19501312365474072
2022-08-04,0.20608987953396404,0.24871071356000432,0.22740029654698418
2022-08-05,0.17806964740981826,0.20409076571993334,0.1910802065648758
2022-08-08,0.2599513513632909,0.3600771974789148,0.31001427442110285
2022-08-10,0.26489039268411346,0.3777592490802262,0.32132482088216985
2022-08-11,0.18856761570282135,0.20011325240002834,0.19434043405142484
2022-08-12,0.17187117613055275,0.17695656886604058,0.17441387249829665
2022-08-16,0.2781125289990758,0.34640805001610603,0.3122602895075909
2022-08-17,0.17865206456978194,0.37790733940134885,0.2782797019855654
2022-08-18,0.1556900213670234,0.40775058504755424,0.2817203032072888
2022-08-19,0.19980545764122518,0.2338575463276909,0.21683150198445805
2022-08-22,0.5022505588452436,0.18421941096295913,0.34323498490410137
2022-08-23,0.44817530758905916,0.21791241927139132,0.33304386343022524
2022-08-24,0.4067332008201671,0.2513947847232069,0.329063992771687
2022-08-25,0.42550879362209376,0.17401618194065516,0.2997624877813745
2022-08-26,0.27990105312737346,0.18066026750319897,0.2302806603152862
2022-08-29,0.19326199917086181,0.19177705793044425,0.19251952855065302
2022-08-30,0.1816219324421739,0.17986685426175258,0.18074439335196324
2022-09-01,0.19570842527040286,0.1910872444494884,0.19339783485994563
2022-09-02,0.18816431036170447,0.1974498875199126,0.19280709894080855
2022-09-05,0.19111477309681613,0.35506071264771955,0.27308774287226784
2022-09-06,0.204492411358879,0.3451836475067458,0.2748380294328124
2022-09-07,0.30680074719351796,0.2010972084973291,0.25394897784542353
2022-09-08,0.2005633399682933,0.41993171001570234,0.3102475249919978
2022-09-09,0.199862204393137,0.2078402197530557,0.20385121207309637
2022-09-12,0.26979249224654195,0.3105058082213737,0.2901491502339578
2022-09-13,0.24410067551626446,0.37392472372841074,0.30901269962233757
2022-09-14,0.1981826854790433,0.4428463134115622,0.32051449944530275
2022-09-15,0.21999980639673275,0.3425472706670941,0.28127353853191345
2022-09-16,0.2343824195372766,0.15444164965788,0.19441203459757828
2022-09-19,0.34463488432445727,0.26866017649547114,0.3066475304099642
2022-09-20,0.22293955959733294,0.32729346326983694,0.27511651143358495
2022-09-21,0.32029673888401233,0.30589168755623103,0.31309421322012165
2022-09-22,0.40086673897804215,0.22185187975150703,0.3113593093647746
2022-09-23,0.25313457118541194,0.17501562722751063,0.21407509920646128
2022-09-26,0.3015592192028965,0.25004217351779784,0.2758006963603472
2022-09-27,0.2664327302730311,0.23765211399579036,0.25204242213441075
2022-09-28,0.26199845509065217,0.24791511391197607,0.2549567845013141
2022-09-29,0.255889725291535,0.24176686743764692,0.24882829636459095
2022-09-30,0.23614168114863346,0.23474523719605744,0.23544345917234544
2022-10-03,0.274318010250403,0.23652507096520003,0.25542154060780153
2022-10-04,0.5592557386209053,0.19569893751647643,0.3774773380686909
2022-10-06,0.5503227488962125,0.2133685741277077,0.3818456615119601
2022-10-07,0.5784479151595806,0.2083463201107938,0.3933971176351872
2022-10-10,0.33246918648495477,0.2803357470614329,0.3064024667731938
2022-10-11,0.39262464549830106,0.20740162080732805,0.3000131331528145
2022-10-12,0.19388149880366334,0.2920467439108527,0.24296412135725803
2022-10-13,0.38836782321691665,0.24901306471183346,0.31869044396437507
2022-10-14,0.33311690889394363,0.3209957488261363,0.32705632886004
2022-10-17,0.1752452191044991,0.4444015931502329,0.30982340612736603
2022-10-18,0.14706429789270928,0.5034450785924528,0.325254688242581
2022-10-19,0.2050782473388912,0.5206225278485221,0.3628503875937067
2022-10-20,0.17195593102677595,0.4902745458062765,0.33111523841652624
2022-10-21,0.12538673735212166,0.20509999425376468,0.1652433658029432
2022-10-24,0.18891729686759037,0.20818227044082635,0.19854978365420836
2022-10-25,0.19562568041625072,0.20541387488251117,0.20051977764938095
2022-10-27,0.19773351186181634,0.19652336975936424,0.19712844081059028
2022-10-28,0.19589908015334517,0.19845720239279305,0.1971781412730691
2022-10-31,0.18427340292658004,0.2059773998902779,0.195125401408429
2022-11-01,0.1901690580469888,0.20693615790783743,0.19855260797741311
2022-11-02,0.23988133449812116,0.4423637056555433,0.3411225200768322
2022-11-03,0.1925070231974706,0.21723410121875938,0.204870562208115
2022-11-04,0.17843955824337376,0.19885865640987047,0.1886491073266221
2022-11-07,0.26020899627056987,0.32990229180304903,0.29505564403680945
2022-11-09,0.2949471021124655,0.3500227458612738,0.3224849239868697
2022-11-10,0.17501048509997727,0.183586253047921,0.17929836907394914
2022-11-11,0.23396725136312882,0.4010753757971373,0.3175213135801331
2022-11-15,0.22570889796204666,0.3725045461153633,0.299106722038705
2022-11-16,0.17324727183021343,0.17855954619121958,0.1759034090107165
2022-11-17,0.1677335250364706,0.1723762574152795,0.17005489122587505
2022-11-18,0.23265306071272202,0.3968020159603523,0.31472753833653716
2022-11-21,0.3101654388162636,0.2758366028720934,0.29300102084417845
2022-11-22,0.30303997294137097,0.28976213730159006,0.2964010551214805
2022-11-23,0.2785167287518081,0.31393399025741264,0.2962253595046104
2022-11-24,0.24849494889241333,0.36252645341863393,0.30551070115552365
2022-11-25,0.14107742250113336,0.1318802825186594,0.1364788525098964
2022-11-28,0.14986053145257813,0.14118451255729497,0.14552252200493654
2022-11-29,0.14945716294776143,0.14259467759842379,0.1460259202730926
2022-11-30,0.14718565904831232,0.1444099873415033,0.1457978231949078
2022-12-01,0.14370098843674803,0.14136874240904426,0.14253486542289615
2022-12-02,0.1469163930520535,0.13812812111239545,0.1425222570822245
2022-12-05,0.28351370391695807,0.28515680607720884,0.28433525499708345
2022-12-06,0.3108314054138157,0.2715311134083815,0.2911812594110986
2022-12-07,0.15304760304721093,0.2718674612212016,0.21245753213420626
2022-12-08,0.27141325279986034,0.3242278487457084,0.29782055077278435
2022-12-09,0.13788469317299315,0.3330267963928771,0.23545574478293513
2022-12-12,0.27647557359346864,0.28502499444210644,0.28075028401778757
2022-12-13,0.2566101478576764,0.3114406868672006,0.28402541736243847
2022-12-14,0.25136039614033195,0.3260280443630711,0.28869422025170155
2022-12-15,0.1345626640003906,0.27767469670733685,0.20611868035386371
2022-12-16,0.3584983763066935,0.25677009010975543,0.3076342332082245
2022-12-19,0.2953475919520261,0.2642285524260812,0.27978807218905366
2022-12-20,0.3068244214695873,0.26284727628718985,0.2848358488783886
2022-12-21,0.4079122932207443,0.2054937382278375,0.30670301572429093
2022-12-22,0.44569953553587255,0.15133989426368555,0.298519714899779
2022-12-23,0.16539055824010995,0.15377878180687118,0.15958467002349058
2022-12-26,0.15632000696348913,0.1590504324516643,0.1576852197075767
2022-12-27,0.16030626687506436,0.15887832744231273,0.15959229715868856
2022-12-28,0.1601186881993798,0.16248517579524896,0.16130193199731438
2022-12-29,0.14729237369321835,0.15725996778653606,0.1522761707398772
2022-12-30,0.15853490296942802,0.1574320739757932,0.15798348847261062
2023-01-02,0.1755660867412197,0.36789046606593656,0.2717282764035781
2023-01-03,0.21974951493353187,0.39683252313952005,0.30829101903652595
2023-01-04,0.1752784483910131,0.16864346570863883,0.17196095704982595
2023-01-05,0.17839277346964177,0.32298929160493633,0.2506910325372891
2023-01-06,0.2047047591399233,0.2100005135815228,0.20735263636072304
2023-01-09,0.1500610068944371,0.26500113803401104,0.2075310724642241
2023-01-10,0.19832483322841649,0.21950240992705672,0.2089136215777366
2023-01-11,0.18335669095454682,0.16791576713372736,0.1756362290441371
2023-01-12,0.21008164878736157,0.17469627034138382,0.19238895956437269
2023-01-13,0.1924963593040813,0.2010902756669243,0.1967933174855028
2023-01-16,0.27089107823520353,0.2738878180993527,0.2723894481672781
2023-01-17,0.2684292868991225,0.2842384743641065,0.27633388063161446
2023-01-18,0.17828794331128936,0.17187973236211543,0.1750838378367024
2023-01-19,0.17904652087215644,0.3023955272800084,0.24072102407608242
2023-01-20,0.16447195960930028,0.16395029498049782,0.16421112729489906
2023-01-23,0.1586255143943205,0.15748159029585088,0.15805355234508567
2023-01-24,0.15735827008646364,0.15686770368070324,0.15711298688358344
2023-01-25,0.17442365777701965,0.16913682868907298,0.1717802432330463
2023-01-27,0.23862055397363044,0.20811520390898428,0.22336787894130736
2023-01-30,0.5819733617377808,0.26071449590678886,0.42134392882228483
2023-01-31,0.5455000896197255,0.15628953154431088,0.3508948105820182
2023-02-01,0.2755929506587795,0.1225039621773189,0.1990484564180492
2023-02-02,0.5639868939401562,0.16214921588817247,0.36306805491416433
2023-02-03,0.18935037750519101,0.22652430057755454,0.2079373390413728
2023-02-06,0.20410551170672708,0.3368603012192565,0.2704829064629918
2023-02-07,0.1735677772257609,0.3546962668828734,0.2641320220543172
2023-02-08,0.17774786173330576,0.36505261656933713,0.27140023915132144
2023-02-09,0.1693072512930023,0.17024193053806927,0.1697745909155358
2023-02-10,0.1725845377904322,0.15361682168356947,0.16310067973700082
2023-02-13,0.30932420816647516,0.23668706754200594,0.27300563785424053
2023-02-14,0.27158510519137485,0.27419929032220364,0.27289219775678925
2023-02-15,0.2672391272124431,0.28655868214592456,0.2768989046791838
2023-02-16,0.28444627360793595,0.28087587319725466,0.2826610734025953
2023-02-17,0.2803741604311398,0.1480202279660628,0.21419719419860128
2023-02-20,0.39393894285785236,0.18137050595613724,0.2876547244069948
2023-02-21,0.40442782312074466,0.14376187728940232,0.2740948502050735
2023-02-22,0.17604216194841962,0.1633226428873026,0.16968240241786112
2023-02-23,0.17902232460290926,0.15341109189742913,0.1662167082501692
2023-02-24,0.1583070824096666,0.14883865487617565,0.15357286864292113
2023-02-27,0.15450834579626163,0.14445560836885216,0.1494819770825569
2023-02-28,0.1534107708304524,0.14731987909216326,0.15036532496130783
2023-03-01,0.14494735872187503,0.14017921853857276,0.14256328863022388
2023-03-02,0.1500347408412662,0.138748823426677,0.14439178213397158
2023-03-03,0.13206026140846017,0.13475193205555216,0.13340609673200615
2023-03-06,0.13245824329444858,0.13774300042421334,0.13510062185933097
2023-03-08,0.15957407270245882,0.3970962609509727,0.2783351668267158
2023-03-09,0.14355076102935194,0.13446387540154497,0.13900731821544846
2023-03-10,0.1524239634987495,0.14818861740028874,0.15030629044951913
2023-03-13,0.5110317002633211,0.1610826062616375,0.3360571532624793
2023-03-14,0.5499319166626475,0.12102505477720768,0.3354784857199276
2023-03-15,0.6239239028747411,0.09995557678158168,0.3619397398281614
2023-03-16,0.6253761532783119,0.10927566574545056,0.3673259095118812
2023-03-17,0.14783164929064296,0.18276355409162634,0.16529760169113467
2023-03-20,0.19242531995398127,0.27857972419635946,0.23550252207517036
2023-03-21,0.13780955453467197,0.3423604585159668,0.2400850065253194
2023-03-22,0.1805071255855394,0.25664475623671124,0.2185759409111253
2023-03-23,0.1870530281823155,0.2087940972523138,0.19792356271731465
2023-03-24,0.1742079082001387,0.13181784597549104,0.15301287708781486
2023-03-27,0.19683654910370452,0.17317041309273526,0.1850034810982199
2023-03-28,0.18137433193020372,0.16499429282075206,0.17318431237547788
2023-03-29,0.17219192528829028,0.14603246243341184,0.15911219386085107
2023-03-31,0.15571957479181728,0.14821479320472192,0.15196718399826958
2023-04-03,0.15245500490723074,0.4018636478628352,0.27715932638503293
2023-04-05,0.14627401337010354,0.1453493373496805,0.14581167535989203
2023-04-06,0.135541143554598,0.14203509581352056,0.1387881196840593
2023-04-10,0.27678280569331065,0.22316325439449908,0.24997303004390486
2023-04-11,0.22042483058013446,0.3108027593092386,0.2656137949446865
2023-04-12,0.1347769923511358,0.30251976432245337,0.21864837833679457
2023-04-13,0.15406372790036532,0.37412234103770076,0.26409303446903304
2023-04-17,0.23605450675570908,0.2524484111476966,0.24425145895170286
2023-04-18,0.24039561226157719,0.2561586942355502,0.2482771532485637
2023-04-19,0.25767112751887594,0.15808923994798513,0.20788018373343053
2023-04-20,0.24969165578119976,0.2642492971066247,0.25697047644391224
2023-04-21,0.11893366863372362,0.25313226370225733,0.18603296616799048
2023-04-24,0.12010438213775283,0.14483084194065451,0.13246761203920368
2023-04-25,0.11846835436806488,0.1445501423502309,0.1315092483591479
2023-04-26,0.11655894846904005,0.14877582293667532,0.1326673857028577
2023-04-27,0.10661673987826388,0.1479033239452038,0.12726003191173385
2023-04-28,0.09915163339187294,0.14335016370477713,0.12125089854832503
2023-05-02,0.19044367889400907,0.1452115325341916,0.16782760571410033
2023-05-03,0.19611719783574838,0.15302956497569872,0.17457338140572354
2023-05-04,0.16957659325099936,0.1498269942311467,0.15970179374107302
2023-05-05,0.21676261983085324,0.15620670127020223,0.18648466055052773
2023-05-08,0.30331514342934535,0.20897777986390226,0.2561464616466238
2023-05-09,0.3199769917892081,0.15087081655446677,0.23542390417183742
2023-05-10,0.3096884234045832,0.1600432468175571,0.23486583511107015
2023-05-11,0.297460270127892,0.1579469614469617,0.22770361578742684
2023-05-12,0.2185328399669994,0.15869324072664662,0.18861304034682302
2023-05-15,0.221944114435352,0.30158722550848505,0.2617656699719185
2023-05-16,0.11626155126423672,0.2874220866088491,0.2018418189365429
2023-05-17,0.16565215514262352,0.27095445937525336,0.21830330725893843
2023-05-18,0.2432378726997451,0.14929097728347487,0.19626442499160998
2023-05-19,0.11445427046838082,0.1489520483049073,0.13170315938664406
2023-05-22,0.24121578726295675,0.25259243259841974,0.24690410993068823
2023-05-23,0.11997628638772503,0.1448284189953332,0.1324023526915291
2023-05-24,0.27427302516183377,0.14226721464758646,0.20827011990471012
2023-05-25,0.27903624525377607,0.15630185761462562,0.21766905143420084
2023-05-26,0.10806122973121604,0.14405477051736734,0.1260580001242917
2023-05-29,0.10563940653153615,0.1398901232414178,0.12276476488647697
2023-05-30,0.09909019883289588,0.1396762065388646,0.11938320268588024
2023-05-31,0.11176436528500211,0.13357204455531704,0.12266820492015958
2023-06-01,0.12148384852674383,0.13011590095036368,0.12579987473855375
2023-06-02,0.11689073757753964,0.12379927692828074,0.1203450072529102
2023-06-05,0.21818697792715805,0.2636722259209008,0.2409296019240294
2023-06-06,0.11156166772262346,0.13178399800964719,0.12167283286613532
2023-06-07,0.20995356700843268,0.2887018993635411,0.2493277331859869
2023-06-08,0.12250930604806204,0.12832977816848126,0.12541954210827166
2023-06-09,0.1157043135132159,0.1239049535571383,0.1198046335351771
2023-06-12,0.25421424022775435,0.2279300242442318,0.24107213223599308
2023-06-13,0.24403677017760753,0.2430400263432851,0.24353839826044632
2023-06-14,0.25899890484334165,0.2381526191472252,0.24857576199528342
2023-06-15,0.31636828360845776,0.20039379791521866,0.2583810407618382
2023-06-16,0.13459202756341807,0.1238488134108032,0.12922042048711063
2023-06-19,0.22482785628557903,0.24701829984645624,0.23592307806601764
2023-06-20,0.21580878586395055,0.26338717417064045,0.2395979800172955
2023-06-21,0.22116855875356192,0.13132030921876459,0.17624443398616324
2023-06-22,0.13258496228084438,0.26658599493963925,0.1995854786102418
2023-06-23,0.1199566715677049,0.2605232983875148,0.19023998497760986
2023-06-26,0.11602934374687433,0.12392421235676603,0.11997677805182018
2023-06-27,0.10120007513404403,0.12991683575220322,0.11555845544312363
2023-06-28,0.10783466306902136,0.13015789798868516,0.11899628052885325
2023-06-30,0.10642838679986003,0.12930227407661224,0.11786533043823613
2023-07-03,0.14378102326304912,0.14750572906095072,0.1456433761619999
2023-07-04,0.12220901025702208,0.13728977429289532,0.12974939227495869
2023-07-05,0.17119288518756098,0.13774998216816636,0.15447143367786367
2023-07-06,0.11665498960794053,0.1353087986170514,0.12598189411249597
2023-07-07,0.1739073020827326,0.1281392964168081,0.15102329924977037
2023-07-10,0.2939324951610721,0.1386453975396398,0.21628894635035595
2023-07-11,0.3153441544183767,0.18015976188489133,0.24775195815163403
2023-07-12,0.3350147668403965,0.17482517194961847,0.2549199693950075
2023-07-13,0.3362534506021889,0.11513251847583388,0.2256929845390114
2023-07-14,0.11375415759363289,0.1240974994412931,0.118925828517463
2023-07-17,0.10870648509168093,0.295944978734531,0.202325731913106
2023-07-18,0.1096152156511227,0.2966916001250082,0.20315340788806546
2023-07-19,0.15186045182052446,0.11878902157481785,0.13532473669767114
2023-07-20,0.115969114537995,0.1484164185224275,0.13219276653021125
2023-07-21,0.12729323537854967,0.13735465192508373,0.1323239436518167
2023-07-24,0.26466986600324144,0.17851917750982776,0.2215945217565346
2023-07-25,0.10689080270167955,0.18784191838691272,0.14736636054429614
2023-07-26,0.2588331205288002,0.2157827480539108,0.2373079342913555
2023-07-27,0.13226099296993402,0.18772689491409228,0.15999394394201316
2023-07-28,0.11761700503341951,0.12050378374855675,0.11906039439098813
2023-07-31,0.1147985750384129,0.12069115665484655,0.11774486584662971
2023-08-01,0.10847343091521623,0.12091322876774617,0.1146933298414812
2023-08-02,0.11155562045507086,0.1286777843576948,0.12011670240638284
2023-08-03,0.1199624349061802,0.11880635007796264,0.11938439249207142
2023-08-04,0.10422321361600902,0.11960211251227061,0.11191266306413981
2023-08-07,0.19872301517772062,0.22004281661404662,0.20938291589588362
2023-08-08,0.19104643641953462,0.1205474126844734,0.155796924552004
2023-08-09,0.11431280651037373,0.1143045923042521,0.11430869940731292
2023-08-10,0.1262801123205782,0.10404709275190523,0.11516360253624172
2023-08-11,0.2902062411568054,0.2013132949057095,0.24575976803125743
2023-08-14,0.12741279561751506,0.17804477809025537,0.15272878685388522
2023-08-16,0.11630306285828503,0.2053917329764372,0.1608473979173611
2023-08-17,0.12321195138582713,0.20357687453732218,0.16339441296157464
2023-08-18,0.11845374507407455,0.11393647436609639,0.11619510972008547
2023-08-21,0.12122495567691337,0.22339471737685,0.17230983652688167
2023-08-22,0.12395795250503544,0.22558697259973484,0.17477246255238515
2023-08-23,0.11396067040147989,0.11300946160507963,0.11348506600327976
2023-08-24,0.11715628314311922,0.10651511761494818,0.1118357003790337
2023-08-25,0.10827478441887242,0.25898685430360824,0.18363081936124032
2023-08-28,0.11896095815794841,0.11692593235401903,0.11794344525598371
2023-08-29,0.12039057549784911,0.11557641420739029,0.11798349485261969
2023-08-30,0.12418831918044006,0.11626299767645816,0.12022565842844911
2023-08-31,0.13753109068913746,0.11378237003091088,0.12565673036002417
2023-09-01,0.11255252512701384,0.11759846657727846,0.11507549585214616
2023-09-04,0.11834549211766346,0.23665109964104145,0.17749829587935245
2023-09-05,0.12403230529198338,0.10712132517655441,0.1155768152342689
2023-09-06,0.12196541284594734,0.22833656561521537,0.17515098923058137
2023-09-07,0.2331440054796138,0.11312358671500491,0.17313379609730936
2023-09-08,0.14559209738388143,0.2724524794195802,0.20902228840173082
2023-09-11,0.12171773966246809,0.32919183758367987,0.22545478862307397
2023-09-12,0.12010122466395932,0.32619816211656577,0.22314969339026255
2023-09-13,0.10146209394225535,0.3795553386274354,0.24050871628484538
2023-09-14,0.12558433500580635,0.11584949241821053,0.12071691371200843
2023-09-15,0.18157454674587184,0.11370235960965956,0.1476384531777657
2023-09-18,0.12622606303519596,0.11289361235439115,0.11955983769479356
2023-09-20,0.13862247236451,0.17191519016081713,0.15526883126266355
2023-09-21,0.4131357728671019,0.11406846232453172,0.2636021175958168
2023-09-22,0.1377970805626328,0.11215968580962316,0.12497838318612797
2023-09-25,0.1375848023051161,0.1152485610804939,0.126416681692805
2023-09-26,0.13899411361977618,0.11788136421116137,0.12843773891546878
2023-09-27,0.14264186348495045,0.11783458516685258,0.1302382243259015
2023-09-28,0.14955847146281812,0.1257193433283603,0.1376389073955892
2023-09-29,0.13091368753126884,0.11565408228056505,0.12328388490591694
2023-10-03,0.13839077932988972,0.1508412032244746,0.14461599127718217
2023-10-04,0.14354946244378763,0.11552572672624752,0.12953759458501757
2023-10-05,0.12987456571169145,0.1180559540475873,0.12396525987963938
2023-10-06,0.12349342911280846,0.2336591712955238,0.17857630020416612
2023-10-09,0.24824859299927954,0.12185072688692894,0.18504965994310424
2023-10-10,0.12263656506420277,0.24631371095346308,0.18447513800883292
2023-10-11,0.13748452434393366,0.26581230376719645,0.20164841405556505
2023-10-12,0.13186854947221027,0.11957420281352792,0.1257213761428691
2023-10-13,0.2338466053729102,0.12475035447198586,0.17929847992244802
2023-10-16,0.13923948446949494,0.12026424779864031,0.12975186613406764
2023-10-17,0.12036861659429242,0.12634288284024733,0.12335574971726987
2023-10-18,0.15473358603123416,0.11716581363637261,0.1359496998338034
2023-10-19,0.14248478539359347,0.11982973677817843,0.13115726108588593
2023-10-20,0.22534323684588295,0.12227444883666425,0.1738088428412736
2023-10-23,0.31009185410005813,0.0913780072253794,0.20073493066271877
2023-10-25,0.3724046215535661,0.13694811045239072,0.2546763660029784
2023-10-26,0.4698310772473324,0.13945546437051062,0.3046432708089215
2023-10-27,0.12653069239537534,0.1221419253796033,0.12433630888748932
2023-10-30,0.1306509303294378,0.12209828702442976,0.1263746086769338
2023-10-31,0.13087219717624513,0.12544907876136827,0.1281606379688067
2023-11-01,0.12998552128957255,0.12243371884715538,0.12620962006836398
2023-11-02,0.1328810464578899,0.10844104416648909,0.12066104531218949
2023-11-03,0.1148036340910446,0.11389198391522942,0.11434780900313701
2023-11-06,0.12451405810590564,0.2960046222609161,0.2102593401834109
2023-11-07,0.12193802214186625,0.11767608702282627,0.11980705458234625
2023-11-08,0.1195875711138379,0.11416434354409981,0.11687595732896885
2023-11-09,0.1291432814318629,0.10527533055094784,0.11720930599140537
2023-11-10,0.18749292144717686,0.20647219750195012,0.1969825594745635
2023-11-12,0.11749892336030361,0.1261880397080696,0.12184348153418662
2023-11-13,0.1914977507953448,0.11839613567893041,0.15494694323713762
2023-11-15,0.12908275103064493,0.10984254973806196,0.11946265038435344
2023-11-16,0.12216372288511956,0.10698745563829887,0.11457558926170922
2023-11-17,0.2738459675776286,0.1428170628376802,0.2083315152076544
2023-11-20,0.1509515715917619,0.11964241525428969,0.13529699342302579
2023-11-21,0.14121659505832423,0.12324712655261892,0.13223186080547158
2023-11-22,0.1378502612833028,0.1286975655630471,0.13327391342317496
2023-11-23,0.136039000523274,0.10683263677335753,0.12143581864831576
2023-11-24,0.12139533266326422,0.11021300685393648,0.11580416975860035
2023-11-28,0.13676531815268275,0.10478512366055187,0.12077522090661731
2023-11-29,0.13986309561016558,0.10989238789974003,0.12487774175495281
2023-11-30,0.13085058394377136,0.11901499962343827,0.12493279178360481
2023-12-01,0.1294845354220533,0.11765358623463097,0.12356906082834213
2023-12-04,0.020701079859507164,0.5650258462137115,0.2928634630366094
2023-12-05,0.13210458096143995,0.6613395857359876,0.3967220833487138
2023-12-06,0.12332923657088707,0.1263827245183848,0.12485598054463594
2023-12-07,0.13728895142536307,0.12987905945884132,0.1335840054421022
2023-12-08,0.16521666063428977,0.2296760650424077,0.19744636283834874
2023-12-11,0.15603574847468116,0.1764345128098971,0.16623513064228912
2023-12-12,0.14351195408915315,0.15033942051326576,0.14692568730120947
2023-12-13,0.1581005019780306,0.12256797686820277,0.14033423942311668
2023-12-14,0.16234116098372953,0.12058155598174612,0.14146135848273783
2023-12-15,0.14471908097818256,0.2853629440618143,0.2150410125199984
2023-12-18,0.15472011963786136,0.13936682831075414,0.14704347397430775
2023-12-19,0.1690561442377839,0.1335499475884347,0.15130304591310928
2023-12-20,0.22708136540370216,0.1212663523354569,0.17417385886957953
2023-12-21,0.1832397195675697,0.14669697661756406,0.16496834809256689
2023-12-22,0.16864078842785166,0.13795131112601397,0.1532960497769328
2023-12-26,0.17431189174800377,0.14045269510710742,0.1573822934275556
2023-12-27,0.17775647534864092,0.15068458660406514,0.16422053097635303
2023-12-28,0.16670834046989816,0.15608838736396732,0.16139836391693274
2023-12-29,0.1623241226258168,0.14287702859972132,0.15260057561276907
2024-01-01,0.16623766532524747,0.15203082071560686,0.15913424302042717
2024-01-02,0.154428816066085,0.15566743094190635,0.15504812350399566
2024-01-03,0.16091506227780975,0.142804257621902,0.15185965994985587
2024-01-04,0.15932912105559136,0.1371517955309809,0.14824045829328614
2024-01-05,0.15897392991099837,0.13947905795508608,0.14922649393304221
2024-01-08,0.16385243632651075,0.15023010343284235,0.15704126987967654
2024-01-09,0.2694495014450881,0.162932681250314,0.21619109134770104
2024-01-10,0.2596216707430434,0.13315532178034814,0.19638849626169574
2024-01-11,0.1556455138503938,0.1447841121196715,0.15021481298503264
2024-01-12,0.16674740868218313,0.1307977666121681,0.1487725876471756
2024-01-15,0.1392834381604838,0.1505656807369257,0.14492455944870475
2024-01-16,0.1630656051657309,0.1393009143514926,0.15118325975861174
2024-01-17,0.38578708211843504,0.10909128217924613,0.2474391821488406
2024-01-18,0.21651261544013184,0.09409488318779957,0.1553037493139657
2024-01-19,0.16547407966527725,0.1687750406336035,0.16712456014944038
2024-01-20,0.19362621189473322,0.18763991299063928,0.19063306244268624
2024-01-23,0.1975586592018157,0.16766241261623485,0.18261053590902526
2024-01-24,0.14434445145742367,0.20031708036901955,0.1723307659132216
2024-01-25,0.21224254958182961,0.16272328300116096,0.18748291629149527
2024-01-29,0.18973400787158196,0.1798630006742003,0.18479850427289113
2024-01-30,0.1970601294528545,0.17708839169020973,0.18707426057153212
2024-01-31,0.1942160726031135,0.17191664853770455,0.18306636057040904
2024-02-01,0.17040166701623552,0.1617715659574123,0.1660866164868239
2024-02-02,0.1783000123790036,0.16779528252081763,0.1730476474499106
2024-02-05,0.2384139110852789,0.16460099839576003,0.20150745474051945
2024-02-06,0.2586227910849588,0.16021885186297152,0.20942082147396515
2024-02-07,0.18634286031873237,0.15283619065206902,0.16958952548540068
2024-02-08,0.18863440809752696,0.17394742802314817,0.18129091806033756
2024-02-09,0.16473705081677825,0.17178691566409743,0.16826198324043784
2024-02-12,0.3323781457860645,0.1766723901792495,0.254525267982657
2024-02-13,0.20795245999771966,0.17758363983827932,0.1927680499179995
2024-02-14,0.11049920581623776,0.19970787338378468,0.15510353960001122
2024-02-15,0.18939205767176184,0.176861300762305,0.1831266792170334
2024-02-16,0.16271765875223124,0.2371080647395921,0.19991286174591166
2024-02-19,0.1586256470894972,0.17350684609503067,0.16606624659226393
2024-02-20,0.11762119331344344,0.1879694178893955,0.15279530560141946
2024-02-21,0.19342597367223782,0.17812333714999837,0.1857746554111181
2024-02-22,0.19532149342425598,0.17869342672676303,0.1870074600755095
2024-02-23,0.19138088250850213,0.1642450741833046,0.17781297834590337
2024-02-26,0.20084433390363243,0.17102520368573726,0.18593476879468485
2024-02-27,0.19667210074081717,0.17404491847311565,0.18535850960696643
2024-02-28,0.19976121333255364,0.19024375416965816,0.1950024837511059
2024-02-29,0.2107962070983467,0.16257326399245867,0.18668473554540269
2024-03-01,0.09330379461408199,0.2778562153409394,0.1855800049775107
2024-03-04,0.1816611911429181,0.1736813584074131,0.1776712747751656
2024-03-05,0.19126051513050193,0.1534372076697982,0.17234886140015007
2024-03-06,0.1680230523124729,0.1584460052618537,0.1632345287871633
2024-03-07,0.15762141515511588,0.15742147892163244,0.15752144703837417
2024-03-11,0.18761587047175027,0.15383997888778675,0.1707279246797685
2024-03-12,0.20658699612707435,0.15031288843347193,0.17844994228027314
2024-03-13,0.17315959202141737,0.1643066280908008,0.16873311005610908
2024-03-14,0.1909122603364012,0.14852247517662692,0.16971736775651408
2024-03-15,0.19786919301558786,0.16285284443871073,0.1803610187271493
2024-03-18,0.21205627156890214,0.15247430084887212,0.18226528620888713
2024-03-19,0.18628950808385117,0.16728370108570031,0.17678660458477574
2024-03-20,0.19910296328604427,0.1846753080625172,0.19188913567428073
2024-03-21,0.18128433866868246,0.13270443341824362,0.15699438604346305
2024-03-22,0.16761928405314802,0.13215422194763476,0.1498867530003914
2024-03-26,0.18966945393171913,0.12719533171204633,0.15843239282188273
2024-03-27,0.1720348581263412,0.12827588438836146,0.15015537125735134
2024-03-28,0.16989457180910641,0.1298315324150874,0.1498630521120969
2024-04-01,0.16437497370239237,0.134124227768603,0.1492496007354977
2024-04-02,0.16599383298610365,0.12353504852767991,0.14476444075689177
2024-04-03,0.1535481995246236,0.12120910874674927,0.13737865413568642
2024-04-04,0.13560089801508993,0.12924783289011602,0.13242436545260297
2024-04-05,0.13359943503698798,0.12061506542575509,0.12710725023137154
2024-04-08,0.13287734392358977,0.13066381969683097,0.13177058181021037
2024-04-09,0.146552124080298,0.12745575935235953,0.13700394171632876
2024-04-10,0.11736101947455857,0.1333122438131321,0.12533663164384534
2024-04-12,0.14786939737176294,0.15394338358708604,0.1509063904794245
2024-04-15,0.3495582161315849,0.11555472447993079,0.23255647030575782
2024-04-16,0.15747308169486116,0.12730419878372515,0.14238864023929315
2024-04-18,0.4785970324548157,0.12928510817287414,0.30394107031384493
2024-04-19,0.19031838531267076,0.19386687118749737,0.19209262825008405
2024-04-22,0.07744017669059483,0.1516965312924775,0.11456835399153617
2024-04-23,0.12771898272481402,0.14693374969635845,0.13732636621058625
2024-04-24,0.12371571073867643,0.14583230251487012,0.13477400662677327
2024-04-25,0.12503742645612823,0.1530885703753137,0.13906299841572095
2024-04-26,0.1355608119983881,0.14839686053030027,0.14197883626434418
2024-04-29,0.13087567969367928,0.15504458090854806,0.14296013030111365
2024-04-30,0.11963097037468128,0.15916857222831257,0.13939977130149692
2024-05-02,0.138087051635607,0.15250136036140996,0.14529420599850848
2024-05-03,0.2251642706051951,0.15506762203171123,0.19011594631845316
2024-05-06,0.25636181317012885,0.15829012330126,0.20732596823569444
2024-05-07,0.23923379563727618,0.2418231408711872,0.2405284682542317
2024-05-08,0.23552733044690316,0.22674228236412133,0.23113480640551226
2024-05-09,0.26168792005401054,0.22785552818664948,0.24477172412033
2024-05-10,0.2639575873474123,0.14316523846996176,0.20356141290868704
2024-05-13,0.23941879851615136,0.2514244288362693,0.24542161367621035
2024-05-14,0.23273672392056122,0.18166015692574933,0.20719844042315527
2024-05-15,0.2573911948083875,0.23677014615434838,0.24708067048136795
2024-05-16,0.2668532161029502,0.25961087201769323,0.26323204406032175
2024-05-17,0.2535349444803084,0.24317893819840183,0.2483569413393551
2024-05-18,0.25327776727767626,0.23540147370250375,0.24433962049009
2024-05-21,0.27362500949957846,0.24481057286856897,0.25921779118407373
2024-05-22,0.28132523984072294,0.24467812935263455,0.2630016845966787
2024-05-23,0.12541976794601678,0.30615285096496647,0.21578630945549163
2024-05-24,0.2465391133334921,0.22851105288909584,0.23752508311129397
2024-05-27,0.2554829591118056,0.2394686038209598,0.2474757814663827
2024-05-28,0.26895052820235166,0.24454171115117165,0.25674611967676164
2024-05-29,0.28693693075162774,0.2321174216226658,0.25952717618714677
2024-05-30,0.2685825299300517,0.23231804870388842,0.25045028931697005
2024-05-31,0.26527756900574834,0.24257287282489776,0.25392522091532305
2024-06-03,0.23250654568826173,0.5518671001490595,0.3921868229186606
2024-06-04,0.3396116273701744,0.14412347126645159,0.241867549318313
2024-06-05,0.2030000950390284,0.28666090099715197,0.2448304980180902
2024-06-06,0.19292645108140488,0.28151941354757976,0.23722293231449232
2024-06-07,0.16924758905698226,0.2958590990739934,0.23255334406548783
2024-06-10,0.20331309742372827,0.30631951566175686,0.25481630654274257
2024-06-11,0.16888727613528096,0.17376758083979826,0.17132742848753962
2024-06-12,0.1514274420401131,0.1683046653126793,0.1598660536763962
2024-06-13,0.16071764619723786,0.16061853662372602,0.16066809141048194
2024-06-14,0.1290705911415969,0.23536542713431893,0.18221800913795794
2024-06-18,0.14961536083429747,0.16913888233653954,0.1593771215854185
2024-06-19,0.13809269677881097,0.3876450579162279,0.2628688773475194
2024-06-20,0.1430665229501513,0.17658514978255316,0.15982583636635223
2024-06-21,0.13655047859328215,0.15873685768686863,0.1476436681400754
2024-06-24,0.14507239178788628,0.16120784215968084,0.15314011697378355
2024-06-25,0.1418127303353505,0.34222388754018623,0.24201830893776838
2024-06-26,0.1281897560321015,0.17712296770808483,0.15265636187009318
2024-06-27,0.14353433579556987,0.16486552379217698,0.15419992979387342
2024-06-28,0.14450952831529995,0.16114074258423772,0.15282513544976883
2024-07-01,0.1444580928172261,0.1660840860728998,0.15527108944506296
2024-07-02,0.15089153371308178,0.15913791191497428,0.15501472281402803
2024-07-03,0.12865893617632282,0.17247113117208568,0.15056503367420426
2024-07-04,0.13331943267892732,0.16344752713736962,0.14838347990814849
2024-07-05,0.27529170634926714,0.1728684591598065,0.22408008275453684
2024-07-08,0.15628261951684833,0.16881430386207694,0.16254846168946263
2024-07-09,0.1551280789797144,0.18006485739560835,0.16759646818766138
2024-07-10,0.1674484678221247,0.17116740525629454,0.1693079365392096
2024-07-11,0.16924650556481513,0.16422249498223138,0.16673450027352327
2024-07-12,0.17052508249200346,0.2234771360106287,0.1970011092513161
2024-07-15,0.15488157250492965,0.17256024576443854,0.1637209091346841
2024-07-16,0.17607438047506901,0.17635979439274088,0.17621708743390496
2024-07-18,0.16994876817387342,0.2758363257528094,0.22289254696334143
2024-07-19,0.17714961448337418,0.1565559656986217,0.16685279009099796
2024-07-22,0.18084350538350769,0.19921135452416988,0.19002742995383878
2024-07-23,0.3143626069478375,0.18677552639396847,0.250569066670903
2024-07-24,0.22031307851362175,0.16064762573232905,0.1904803521229754
2024-07-25,0.4370552855449054,0.1377003661639374,0.2873778258544214
2024-07-26,0.1386464737651543,0.14468796008200413,0.1416672169235792
2024-07-29,0.14871228551056676,0.14591196131568487,0.14731212341312583
2024-07-30,0.15320769877359175,0.14359614809636348,0.1484019234349776
2024-07-31,0.15165080315667887,0.14354117740887157,0.1475959902827752
2024-08-01,0.14221096767602093,0.145413844561302,0.14381240611866147
2024-08-02,0.1456959560781405,0.2349618838612493,0.19032891996969492
2024-08-05,0.4075039443586621,0.2199252142937566,0.3137145793262094
2024-08-06,0.46149844519547367,0.14517004822335042,0.30333424670941206
2024-08-07,0.18409312068180586,0.19752959726316457,0.19081135897248522
2024-08-08,0.16875637424712214,0.1761958366096978,0.17247610542840996
2024-08-09,0.15248036242744634,0.15000077535530876,0.15124056889137755
2024-08-12,0.20139521748807102,0.2614236639118151,0.23140944069994307
2024-08-13,0.2780957281684481,0.15025038518738448,0.21417305667791628
2024-08-14,0.1791403231112395,0.19994395297880277,0.18954213804502112
2024-08-16,0.1564389282873129,0.2758218112117698,0.21613036974954136
2024-08-19,0.16264733930927308,0.27415202439118497,0.218399681850229
2024-08-20,0.14968422971435164,0.3193341459652659,0.23450918783980876
2024-08-21,0.1517248340762038,0.13317444738257947,0.14244964072939165
2024-08-22,0.14345552367113104,0.1339192544754556,0.1386873890732933
2024-08-23,0.144717174772584,0.13591605619086178,0.1403166154817229
2024-08-26,0.14887255539893918,0.13244695443731117,0.14065975491812516
2024-08-27,0.13788971248054294,0.13379737930151703,0.13584354589102998
2024-08-28,0.14508601678900107,0.13349319661923176,0.13928960670411641
2024-08-29,0.14949882476597837,0.12646046967823055,0.13797964722210446
2024-08-30,0.15057386207830223,0.2821596738791804,0.21636676797874133
2024-09-02,0.1485668658630228,0.3014388547254358,0.2250028602942293
2024-09-03,0.1449561860337188,0.23971295036315934,0.19233456819843908
2024-09-04,0.15580619385458044,0.13970273009885723,0.14775446197671882
2024-09-05,0.15656540329823312,0.13127469668477118,0.14392004999150215
2024-09-06,0.17449251494627224,0.15343156844809758,0.16396204169718492
2024-09-09,0.12712046744123698,0.1954608681324235,0.16129066778683024
2024-09-10,0.1868033117402829,0.1434302463131926,0.16511677902673774
2024-09-11,0.15359318182048357,0.13991153302968662,0.14675235742508508
2024-09-12,0.10561373803388292,0.15704967820359847,0.1313317081187407
2024-09-13,0.13665653246059767,0.2817878962840096,0.20922221437230362
2024-09-16,0.13897313550701615,0.31515308566229383,0.227063110584655
2024-09-17,0.13874655653608461,0.3226522038098588,0.2306993801729717
2024-09-18,0.11050357424146327,0.14775272623866156,0.1291281502400624
2024-09-19,0.1405748401183284,0.12770638259767278,0.1341406113580006
2024-09-20,0.14024830302775018,0.2882583811709189,0.21425334209933455
2024-09-23,0.13663255909065466,0.3290710617589617,0.23285181042480818
2024-09-24,0.140521262608127,0.13228102667090402,0.13640114463951553
2024-09-25,0.12539517327783287,0.13642357910041558,0.13090937618912424
2024-09-26,0.12114336245144575,0.37296566790422864,0.2470545151778372
2024-09-27,0.13658236726552891,0.11959353707134407,0.1280879521684365
2024-09-30,0.15706485346527793,0.12161884976594277,0.13934185161561036
2024-10-01,0.1534936707712401,0.11471667547636608,0.1341051731238031
2024-10-03,0.18075583472962758,0.11947993161360672,0.15011788317161714
2024-10-04,0.17401545615538827,0.11712486567266764,0.14557016091402797
2024-10-07,0.34820121363999057,0.07985377499246762,0.21402749431622908
2024-10-08,0.19289528030616587,0.142346858322268,0.16762106931421694
2024-10-09,0.18773025039911462,0.13076082061141833,0.1592455355052665
2024-10-10,0.1694071038936078,0.13615406440335318,0.1527805841484805
2024-10-11,0.19242455001635822,0.13293487042580648,0.16267971022108235
2024-10-14,0.16539199032730173,0.14626060620538497,0.15582629826634337
2024-10-15,0.16222291408082434,0.13923495082953663,0.1507289324551805
2024-10-16,0.17940905159495404,0.12510601722801162,0.15225753441148282
2024-10-17,0.17348922728426855,0.1403035243519532,0.1568963758181109
2024-10-18,0.1590261746760763,0.32725418383255106,0.2431401792543137
2024-10-21,0.15782131546204295,0.14685868145360453,0.15233999845782376
2024-10-22,0.18286267191515906,0.1470410486412396,0.16495186027819933
2024-10-23,0.17967830502094623,0.15255077562884786,0.16611454032489703
2024-10-24,0.17411622108487107,0.14735156672426836,0.1607338939045697
2024-10-25,0.17689414677329554,0.1547878342135879,0.16584099049344173
2024-10-28,0.17916237910922053,0.14746120513312888,0.1633117921211747
2024-10-29,0.16470700562937768,0.15014047624024224,0.15742374093480996
2024-10-30,0.18797511756052565,0.14743355429230287,0.16770433592641426
2024-10-31,0.20164318635573497,0.1493266051732582,0.17548489576449658
2024-11-01,0.17721460526899638,0.16493788024341893,0.17107624275620764
2024-11-04,0.19813125840500884,0.1658004608511571,0.18196585962808298
2024-11-05,0.16567191749075494,0.16538413487327025,0.1655280261820126
2024-11-06,0.1706117739355565,0.1348743062934493,0.1527430401145029
2024-11-07,0.16713200081410673,0.14004005803661645,0.1535860294253616
2024-11-14,0.16609166228754063,0.14190706801414943,0.15399936515084503
2024-11-18,0.1672252295811208,0.14768458596318518,0.15745490777215299
2024-11-19,0.15380614282595195,0.15361735739617324,0.15371175011106258
2024-11-21,0.17407209794918663,0.15469946891578623,0.16438578343248644
2024-11-22,0.16570463284855932,0.1586008859595977,0.16215275940407853
2024-11-25,0.15643559058086523,0.15051037150759894,0.15347298104423207
2024-11-26,0.16065088153992874,0.14169038145566348,0.1511706314977961
2024-11-27,0.15200525521744848,0.13457841872330395,0.14329183697037623
2024-11-28,0.177746799666363,0.1403994841879382,0.1590731419271506
2024-11-29,0.16138626009551227,0.1425280066052884,0.15195713335040034
2024-12-02,0.17190175558876392,0.1508334627573289,0.1613676091730464
2024-12-03,0.15330953980498452,0.156502888745114,0.15490621427504925
2024-12-04,0.15015890377442787,0.1605207241471761,0.155339813960802
2024-12-20,0.17450655896255682,0.15007128139757756,0.1622889201800672
2024-12-23,0.16229680513255415,0.13861361458074004,0.1504552098566471
2024-12-24,0.16027475131731267,0.1273900905741101,0.1438324209457114
2024-12-26,0.16272211805760756,0.14384551166886686,0.15328381486323722
2024-12-27,0.15845406427121572,0.136687164469819,0.14757061437051736
2024-12-30,0.17481568772384243,0.13896468035854445,0.15689018404119343
2024-12-31,0.17844986420458847,0.14290836669454338,0.16067911544956592
2025-01-01,0.17603348876972988,0.1500736331131484,0.16305356094143914
2025-01-02,0.15488793863857153,0.1512089060466576,0.15304842234261457
2025-01-03,0.16320345407412815,0.15207839030430517,0.15764092218921666
2025-01-06,0.19031130050418885,0.18059057269579457,0.1854509365999917
2025-01-07,0.17452862256898932,0.16880764524329797,0.17166813390614366
2025-01-08,0.18074344545236676,0.1640351883625984,0.17238931690748258
2025-01-09,0.1858228608184618,0.1625426553864691,0.17418275810246545
2025-01-10,0.17849334548541637,0.18067495213747398,0.1795841488114452
2025-01-20,0.21177589384571893,0.17908250692754268,0.1954292003866308
2025-01-21,0.22646309698278366,0.18598761274294967,0.20622535486286667
2025-01-22,0.21921436653658538,0.18634095536712775,0.20277766095185656
2025-01-23,0.22049068021636978,0.18915870569752613,0.20482469295694794
2025-01-24,0.215294816005705,0.1961584489480121,0.20572663247685855
2025-01-27,0.23107159474885078,0.20778142803727853,0.21942651139306465
2025-01-28,0.22250524164245145,0.20706381141917565,0.21478452653081354
2025-01-29,0.2235413098407461,0.2132030089201266,0.21837215938043636
2025-01-30,0.22754594446610932,0.19546564958450846,0.2115057970253089
2025-01-31,0.20505585233027485,0.19001259990780778,0.1975342261190413
2025-02-01,0.18044767699410572,0.16570947381946058,0.17307857540678315
2025-02-03,0.1884551358768822,0.16332657630360486,0.17589085609024352
2025-02-04,0.16180914639370714,0.16672386813867288,0.16426650726619002
2025-02-05,0.16584128143243773,0.1617384379475221,0.16378985968997992
2025-02-06,0.17577980329277543,0.16080201362866622,0.1682909084607208
2025-02-07,0.16430953088461417,0.15152970542735006,0.1579196181559821
2025-02-17,0.1944862215589427,0.1566585272136265,0.1755723743862846
2025-02-18,0.18769445647831257,0.1591079450813834,0.173401200779848
2025-02-19,0.17533693031625538,0.15971168103460298,0.1675243056754292
2025-02-20,0.1811770480318897,0.15133755094587087,0.1662572994888803
2025-02-21,0.17415664311023119,0.15351183579282296,0.16383423945152709
2025-02-24,0.18563122894763762,0.14831680722074433,0.166974018084191
2025-02-25,0.1755731854124145,0.14389968790639854,0.1597364366594065
2025-02-27,0.16110916716366686,0.14737501216392968,0.15424208966379827
2025-02-28,0.16846533834847877,0.14907419523263343,0.1587697667905561
2025-03-03,0.17076153371421846,0.14857572614448664,0.15966862992935255
2025-03-04,0.1623459698130008,0.15217880358472902,0.15726238669886491
2025-03-05,0.15937007211268717,0.14773275357973334,0.15355141284621027
2025-03-06,0.15147252731572786,0.15283985027128164,0.15215618879350473
2025-03-07,0.1522204885362747,0.1439687118324068,0.14809460018434076
2025-03-17,0.16514865872521195,0.14335129667316432,0.15424997769918813
2025-03-18,0.15938919252837208,0.1411298501133334,0.15025952132085274
2025-03-19,0.1588771508362297,0.1341787675556788,0.14652795919595424
2025-03-20,0.1465137992541053,0.13107914725942538,0.13879647325676533
2025-03-21,0.14402357379109904,0.13076409780611312,0.1373938357986061
2025-03-24,0.15146155336991113,0.13853400671506774,0.14499778004248942
2025-03-25,0.1542075168901607,0.1368892043957439,0.1455483606429523
2025-03-26,0.16028856668014826,0.13313115258878752,0.1467098596344679
2025-03-27,0.1536357812502767,0.13429210654706183,0.14396394389866926
2025-03-28,0.13992009448949813,0.12886131873437126,0.1343907066119347
2025-04-01,0.1682133195459693,0.1317876017104207,0.150000460628195
2025-04-02,0.15300277041833935,0.14282404861127018,0.14791340951480475
2025-04-03,0.1514964112144181,0.14534848376666568,0.1484224474905419
2025-04-04,0.1388939228157342,0.1529859664304532,0.1459399446230937
2025-04-21,0.14084707483628792,0.16053952205846908,0.1506932984473785
2025-04-22,0.14157263603125653,0.16714372061659294,0.15435817832392473
2025-04-23,0.15223285092546712,0.16640304259214483,0.15931794675880598
2025-04-24,0.15162245477081968,0.17508119861757318,0.16335182669419643
2025-04-25,0.1545865255340565,0.1792655454548067,0.16692603549443158
2025-04-28,0.16927294417098993,0.1696718882262255,0.1694724161986077
2025-04-29,0.16774866402008157,0.1829613325532268,0.17535499828665418
2025-04-30,0.18018160290203733,0.1852833627544725,0.1827324828282549
2025-05-02,0.1721112449127037,0.1885905484811248,0.18035089669691423
2025-05-05,0.17564614483905747,0.18075815255534375,0.1782021486972006
2025-05-06,0.17225852636507158,0.18542818260293886,0.17884335448400523
2025-05-07,0.1661990661094645,0.18808620968009748,0.177142637894781
2025-05-08,0.17560734928283692,0.2124686122507944,0.19403798076681567
2025-05-09,0.1992674090443713,0.20390253693864474,0.20158497299150802
2025-05-19,0.15809487121952942,0.15814752012532002,0.15812119567242472
2025-05-20,0.17270137349068337,0.14463736997012472,0.15866937173040405
2025-05-21,0.16518367031024447,0.15132458347910793,0.15825412689467622
2025-05-22,0.1676876519768453,0.1435107808694813,0.1555992164231633
2025-05-23,0.16496396890767298,0.15183354717427625,0.1583987580409746
2025-05-26,0.17711476387810743,0.16168312426592243,0.16939894407201495
2025-05-27,0.19105645332884627,0.16351166798302086,0.17728406065593355
2025-05-28,0.18229451218125972,0.16198461099049027,0.172139561585875
2025-05-29,0.16519351856679473,0.1482873535258867,0.15674043604634072
2025-05-30,0.17124559140904896,0.1506468321523385,0.16094621178069374
2025-06-02,0.18092670944443476,0.16413218765698623,0.1725294485507105
2025-06-03,0.1828167915305134,0.15291571967642695,0.16786625560347018
2025-06-04,0.1759359518511623,0.14661583897948136,0.16127589541532183
2025-06-05,0.16722236314127692,0.14330216094426337,0.15526226204277016
2025-06-06,0.15675446570441445,0.14909958269111262,0.15292702419776355
2025-06-23,0.1354137110725038,0.1445960547682292,0.1400048829203665
2025-06-24,0.13137625789782642,0.13740926666792902,0.13439276228287772
2025-06-25,0.12115115440968446,0.13502125253895275,0.1280862034743186
2025-06-26,0.11326102123032049,0.1435921133390473,0.1284265672846839
2025-06-27,0.12405507347826063,0.1297058847820294,0.12688047913014502
2025-06-30,0.132437262172619,0.1297750282844783,0.13110614522854863
2025-07-01,0.13143195947077385,0.12887747879018435,0.1301547191304791
2025-07-02,0.13927972071161954,0.12173702984628378,0.13050837527895165
2025-07-03,0.14095787251581438,0.11807821008623748,0.12951804130102593
2025-07-04,0.13230243939099331,0.12000850445179945,0.12615547192139637
2025-07-07,0.13759422147802527,0.1240272205464774,0.13081072101225133
2025-07-08,0.13011315123406234,0.12423959151265644,0.12717637137335938
2025-07-09,0.12628025743905053,0.12182127363043303,0.12405076553474179
2025-07-10,0.12947575366927666,0.11494963566596962,0.12221269466762313
2025-07-11,0.1240172978808114,0.11550270129239303,0.11975999958660222
2025-07-21,0.10344531858570825,0.11213366443263639,0.10778949150917233
2025-07-22,0.10330925311464316,0.10652391142020512,0.10491658226742415
2025-07-23,0.09422932294035286,0.10521338474863307,0.09972135384449296
2025-07-24,0.1007704212423848,0.10379908453971037,0.10228475289104759
2025-07-25,0.11284247590360343,0.10857349485944491,0.11070798538152417
2025-07-28,0.12346314916210281,0.1114973922309319,0.11748027069651736
2025-07-29,0.11942011608032037,0.1079107805631128,0.11366544832171659
2025-07-30,0.11232277012033098,0.10767861464533401,0.1100006923828325
2025-07-31,0.1138038026584283,0.10521478473513761,0.10950929369678294
2025-08-01,0.11668258088246902,0.116631983323817,0.11665728210314301
2025-08-04,0.12697043915508888,0.11100352090168417,0.11898698002838652
2025-08-05,0.12015096377767749,0.11396053922080847,0.11705575149924298
2025-08-06,0.11742627975598414,0.11251117538010974,0.11496872756804694
2025-08-07,0.11797186608809633,0.10232678879442451,0.11014932744126042
2025-08-08,0.11841377658758499,0.11190096378425862,0.11515737018592181
2025-08-21,0.11715870034858643,0.09402966123759689,0.10559418079309166
2025-08-22,0.12405732760562593,0.09871411862961953,0.11138572311762274
2025-08-25,0.12279345340041896,0.09587552306735748,0.10933448823388822
2025-08-26,0.12127928966943961,0.09909249484253078,0.1101858922559852
2025-08-28,0.13673341976046352,0.10051885031917931,0.11862613503982142
2025-08-29,0.13339861916524978,0.10068028280891535,0.11703945098708257
2025-09-01,0.12967391932167865,0.09935629447429864,0.11451510689798865
2025-09-02,0.13502438758746152,0.09967165078647332,0.11734801918696741
2025-09-03,0.12391883579678473,0.10012430128003194,0.11202156853840833
2025-09-04,0.1136483508562211,0.10353480086569114,0.10859157586095612
2025-09-05,0.1143722210848688,0.09763099136219973,0.10600160622353427
2025-09-08,0.12561019179752114,0.09235268571564102,0.10898143875658109
2025-09-09,0.1198851823459834,0.0983910814826078,0.10913813191429561
2025-09-10,0.11967153229622693,0.09510133531616881,0.10738643380619786
2025-09-18,0.11211630572783374,0.08821188098212956,0.10016409335498165
2025-09-19,0.11825691513451653,0.08564732937194093,0.10195212225322872
2025-09-22,0.1269713243333823,0.08955478853929423,0.10826305643633827
2025-09-23,0.12950469201954184,0.08740608382131464,0.10845538792042825
2025-09-24,0.1279160271039809,0.09251599682760539,0.11021601196579314
2025-09-25,0.13366455798545718,0.09131151001373855,0.11248803399959786
2025-09-26,0.13388618399632926,0.09885354357831383,0.11636986378732155
2025-09-29,0.137377513847757,0.09766325547686583,0.11752038466231142
2025-09-30,0.13224328641930574,0.09798991647319281,0.11511660144624927
2025-10-01,0.120616969736259,0.10043686052259579,0.11052691512942739
2025-10-03,0.11344313425759148,0.0981822232084199,0.10581267873300569
2025-10-06,0.1084283651251359,0.10045988585486401,0.10444412548999996
2025-10-07,0.11175709328670351,0.09622787181875354,0.10399248255272853
2025-10-08,0.11200031872333963,0.0980770732553843,0.10503869598936197
2025-10-16,0.11681888105568286,0.10560816589695354,0.1112135234763182
2025-10-17,0.12059695728338231,0.11346986877685333,0.11703341303011783
2025-10-20,0.11782148980149905,0.10579737669638464,0.11180943324894185
2025-10-21,0.11110589886210516,0.1101018431354302,0.11060387099876767
2025-10-23,0.1166516305116984,0.1070881069147821,0.11186986871324026
2025-10-24,0.11556633560162606,0.10268307090064635,0.10912470325113621
2025-10-27,0.12722642513223742,0.10460920744493966,0.11591781628858855
2025-10-28,0.12459256286333989,0.10927806777778079,0.11693531532056034
2025-10-29,0.13236001826986957,0.1046373982610443,0.11849870826545694
2025-10-30,0.1365790646558352,0.10182650462059455,0.11920278463821488
2025-10-31,0.13899267000664622,0.09901110296730334,0.11900188648697478
2025-11-03,0.1367852060403948,0.11060260610468066,0.12369390607253772
2025-11-04,0.1374960105298189,0.10887784834320127,0.12318692943651009
2025-11-20,0.11607735067200868,0.10204789545596879,0.10906262306398873
2025-11-21,0.11965750795888931,0.10657629821098162,0.11311690308493547
2025-11-24,0.12183886986941174,0.1066802890257843,0.11425957944759801
2025-11-25,0.1139320957964693,0.10516027602861738,0.10954618591254334
2025-11-26,0.11248719117036352,0.10724814739837793,0.10986766928437072
2025-11-27,0.11072244379454604,0.10532446549027456,0.10802345464241031
2025-11-28,0.11120204893421982,0.09975734106299806,0.10547969499860894
2025-12-01,0.11161631630822666,0.1059778180612133,0.10879706718471999
2025-12-02,0.1256520480097332,0.09455958860968823,0.11010581830971072
2025-12-03,0.12256795005122292,0.09329981518624644,0.10793388261873468
2025-12-04,0.11963118443628383,0.09087972172817364,0.10525545308222874
2025-12-05,0.1059466152621891,0.09124237400545938,0.09859449463382425
2025-12-08,0.12610402738291726,0.09549642806135192,0.11080022772213459
2025-12-09,0.12502577234229387,0.09344410014596938,0.10923493624413162
2025-12-10,0.12463840806167241,0.09505620437417474,0.10984730621792357
2025-12-18,0.12777156297036543,0.09134211343177863,0.10955683820107204
2025-12-19,0.12338037615270728,0.08774149130051538,0.10556093372661132
2025-12-22,0.12179531476658056,0.08892303450669418,0.10535917463663738
2025-12-23,0.12368123459557477,0.08749229442460668,0.10558676451009072
2025-12-24,0.12135186355541017,0.08623463428843878,0.10379324892192447
2025-12-26,0.12025693882687302,0.08828740667084221,0.10427217274885761
2025-12-29,0.12306743452025254,0.09176044207029097,0.10741393829527175
2025-12-30,0.11998159063099334,0.08666650228081874,0.10332404645590604
2025-12-31,0.10707421810312928,0.09116842218174606,0.09912132014243767
