Date,IV,RV_20
2021-01-01,0.2567942582297237,0.34606594851970535
2021-01-04,0.619738455746246,0.367695770898838
2021-01-05,0.6426292118619285,0.3666585162050444
2021-01-06,0.65695446115367,0.3713395073808503
2021-01-07,0.675802980711788,0.3722123962744128
2021-01-08,0.2661490068062286,0.3733685525855757
2021-01-11,0.6088483749403981,0.373317984497712
2021-01-12,0.6238255121676124,0.372408258940758
2021-01-13,0.6422332108029778,0.37152816686816825
2021-01-14,0.6505268922330277,0.3731485516577313
2021-01-15,0.6553653428856816,0.3895550375063171
2021-01-18,0.5959325978705001,0.3870681196015296
2021-01-19,0.6122741691505809,0.3815148081173295
2021-01-20,0.6242666880287888,0.3825755054231618
2021-01-21,0.6311010778970733,0.3875192778673515
2021-01-22,0.5270470559154836,0.3748586247928792
2021-01-25,0.3144038417588183,0.3751087717921617
2021-01-27,0.3416173924655963,0.3835623821448606
2021-01-28,0.3185476317342337,0.38358049300614455
2021-01-29,0.3224351921265,0.42038191465106955
2021-02-01,0.6156263491895427,0.3160884208646084
2021-02-02,0.6558741762880603,0.29090419161698494
2021-02-03,0.6278823950396892,0.30145705265472733
2021-02-04,0.6043049255740809,0.30074137446781646
2021-02-05,0.4946013948023016,0.304601075828876
2021-02-08,0.5123028499174264,0.30288744293602116
2021-02-09,0.5262977224914854,0.30847161253948246
2021-02-10,0.5201373258153763,0.30737007382363873
2021-02-11,0.5299270808846435,0.3104729150774246
2021-02-12,0.5552513294248872,0.31007466548187246
2021-02-15,0.5472683500514831,0.29018562433936057
2021-02-16,0.5484917690085754,0.2954917549195117
2021-02-17,0.5502202319354293,0.297489930689915
2021-02-18,0.5497951205462652,0.2975452951134707
2021-02-19,0.5673623510869873,0.2943026025659389
2021-02-22,0.2932152587061922,0.29480621332150814
2021-02-23,0.2926304672571527,0.3090340166078895
2021-02-24,0.2811120671520087,0.2808834196320781
2021-02-25,0.2740600237998754,0.28270229143205194
2021-02-26,0.3473192089841255,0.23067915219771765
2021-03-01,0.5730642571740264,0.23317348143890718
2021-03-02,0.5849631778137219,0.2400965140391019
2021-03-03,0.6013434333032132,0.25432588216656876
2021-03-04,0.6181784503809984,0.24891836024998545
2021-03-05,0.3385804274771046,0.24796075906581416
2021-03-08,0.3504034573070214,0.2489322927008745
2021-03-09,0.6000463394374196,0.24460073868455487
2021-03-10,0.6095693907635833,0.3071730290168604
2021-03-12,0.6348311721652076,0.3237081208439472
2021-03-15,0.5977354810687276,0.32439125015579456
2021-03-16,0.6174699946385416,0.3224667254804959
2021-03-17,0.6488335496626308,0.3285585866813894
2021-03-18,0.6746071170270862,0.32643742304683787
2021-03-19,0.673166540598324,0.33356761128845275
2021-03-22,0.6977566203137872,0.3284714091117943
2021-03-23,0.6727211550661251,0.32856184924675497
2021-03-24,0.6811797831225483,0.31888404179183993
2021-03-25,0.5315102736893002,0.33447299875384934
2021-03-26,0.7055690730556726,0.33280538679376565
2021-03-30,0.2908161001884046,0.3423654949961333
2021-03-31,0.2993358670888144,0.33875187422537034
2021-04-01,0.2654528366571558,0.3343371589647378
2021-04-05,0.6637037142349888,0.3147822984616468
2021-04-06,0.6720646574523015,0.314224283207283
2021-04-07,0.7157298758095343,0.30981593165083626
2021-04-08,0.7426203187643272,0.3100549961627132
2021-04-09,0.7310252804876713,0.3092745549927817
2021-04-12,0.6526495294986805,0.2513083625628029
2021-04-13,0.7032456572418476,0.2275139166593519
2021-04-15,0.7045248102591343,0.2641834449049602
2021-04-16,0.608296323859482,0.26823346052464764
2021-04-19,0.6847031366632165,0.2551522013335853
2021-04-20,0.7031240589558869,0.2576111151814641
2021-04-22,0.6812886800441447,0.2798663626735182
2021-04-23,0.6992948161766304,0.2818881667550594
2021-04-26,0.3629194350812298,0.2766306731548897
2021-04-27,0.3468318925912899,0.272036864521124
2021-04-28,0.3247853792536042,0.25421058172771005
2021-04-29,0.3250350443723096,0.2542523397332372
2021-04-30,0.3433415826265561,0.23711776120721176
2021-05-03,0.5948061515417506,0.23537736452931335
2021-05-04,0.6132312071577646,0.23442863072653244
2021-05-05,0.6032257587667487,0.2292929246745445
2021-05-06,0.6133708265202491,0.23201588696584566
2021-05-07,0.6213836501365297,0.2323692678473967
2021-05-10,0.569397503146025,0.23375775510280103
2021-05-11,0.581277359960811,0.2337420676650822
2021-05-12,0.5974564653653343,0.2316893497620552
2021-05-14,0.6259613604887462,0.22975403803219716
2021-05-17,0.5803898588510554,0.18279736689852796
2021-05-18,0.5958342634217766,0.1787084950493847
2021-05-19,0.6027459631864459,0.1786772918625326
2021-05-20,0.6074872311347219,0.17942800784778212
2021-05-21,0.6464847290464166,0.12057508366141405
2021-05-24,0.2770114754096222,0.11993100326652287
2021-05-25,0.2800596202595542,0.11715124128988375
2021-05-26,0.2871874652306328,0.11843121396711055
2021-05-27,0.2883814560043147,0.11379148734939486
2021-05-28,0.2774495438942154,0.1260304495485398
2021-05-31,0.6129818766768023,0.11994354275626609
2021-06-01,0.6372427850985535,0.12355968312141531
2021-06-02,0.6253849786789694,0.12585820731288747
2021-06-03,0.6480615032998713,0.12314448261231203
2021-06-04,0.6722023793809113,0.11853728732385398
2021-06-07,0.5967114888587244,0.12442024608526438
2021-06-08,0.5987124134808205,0.1246394310233572
2021-06-09,0.6014506104844498,0.12273341893580188
2021-06-10,0.6191884511681878,0.1280816788584245
2021-06-11,0.6276704529373875,0.12941890013661464
2021-06-14,0.5931312168137824,0.12968176091265932
2021-06-15,0.6083817586159769,0.13480915012510591
2021-06-16,0.6126774373571018,0.13253120483176795
2021-06-17,0.6117896034333732,0.12837378356197934
2021-06-18,0.6234718488047739,0.12920739958895808
2021-06-21,0.5688147419973144,0.14217296168389346
2021-06-22,0.574733754735138,0.15698790476772406
2021-06-23,0.5841337296513796,0.1583110601041666
2021-06-24,0.5963791810403274,0.16035936663634448
2021-06-25,0.6194548293412435,0.15110189686333036
2021-06-28,0.1908725310459365,0.15189360373634936
2021-06-29,0.1884697139877014,0.1502156611181863
2021-06-30,0.1900006666400552,0.1491393424283602
2021-07-01,0.1846044476153004,0.14927104201786068
2021-07-02,0.1756599575499142,0.14927202688409438
2021-07-05,0.5651958400149408,0.1522217748536552
2021-07-06,0.5682342335834676,0.1688325066795959
2021-07-07,0.5757501190536531,0.16882993759008347
2021-07-08,0.4890304471372377,0.16137354770251724
2021-07-09,0.6081365814959352,0.16154446828003138
2021-07-12,0.5516417189328287,0.1610353377234583
2021-07-13,0.3977746882230686,0.15549743497659632
2021-07-14,0.4046008257384735,0.15603311100101075
2021-07-15,0.5769425686057393,0.15590253665698292
2021-07-16,0.5270209901095602,0.15531026085566052
2021-07-19,0.547392142907313,0.1416972657841863
2021-07-20,0.5630613033641565,0.12824911300784855
2021-07-22,0.5797088238566726,0.1358895495562416
2021-07-23,0.1720001172530109,0.1312531619381882
2021-07-26,0.1846555597073451,0.14360680562753758
2021-07-27,0.1934167551241027,0.14331708621293637
2021-07-28,0.19840127243125,0.14076818741935354
2021-07-29,0.1807630096295087,0.13982906821505445
2021-07-30,0.1752597211706826,0.1564393447019286
2021-08-02,0.5349113971066282,0.1560894195055286
2021-08-03,0.540211910990484,0.14840651807483474
2021-08-04,0.552918775213174,0.12630767005724583
2021-08-05,0.5606224619966489,0.12503904481643663
2021-08-06,0.5711386007952353,0.12607644385821562
2021-08-09,0.5255112433407182,0.12477180736049348
2021-08-10,0.5341280792153394,0.12810178759219773
2021-08-11,0.5436032530327678,0.1263774010567094
2021-08-12,0.5527690068128079,0.1273773218507148
2021-08-13,0.5641821700126117,0.12605610158634653
2021-08-16,0.5225871773157852,0.12794677206302282
2021-08-17,0.5334368640235246,0.14804510092250117
2021-08-18,0.5471282637569606,0.14536669781341338
2021-08-20,0.4378417319167169,0.1495707172173837
2021-08-23,0.518462674367069,0.1495375465597912
2021-08-24,0.5281049462280694,0.14024551513668065
2021-08-25,0.5367179306126753,0.16027366389844494
2021-08-26,0.5459070344610472,0.16033773297622186
2021-08-27,0.5558025398243928,0.16346700105888534
2021-08-30,0.1670762754639116,0.14874504887512333
2021-08-31,0.1761670775430203,0.14975889205059578
2021-09-01,0.1780130400188383,0.1520435390824808
2021-09-02,0.1758313264868108,0.1511896775848081
2021-09-03,0.1724910107852824,0.15472434511136213
2021-09-06,0.29658215200402,0.15460922697348892
2021-09-07,0.1968843717435051,0.15552614604926052
2021-09-08,0.5275773709877826,0.15434820766329396
2021-09-09,0.1655839018877168,0.15414334335193736
2021-09-13,0.503483792571014,0.1602542178846244
2021-09-14,0.5114101901296133,0.161046618587491
2021-09-15,0.5215981454594038,0.15972542917903843
2021-09-16,0.540736653694134,0.153575121166527
2021-09-17,0.5522666072033688,0.15607051733461338
2021-09-20,0.5055349637738502,0.14332918492444016
2021-09-21,0.5156149852083501,0.143084699006463
2021-09-22,0.5197777689420042,0.14759575015011536
2021-09-23,0.5059180236825292,0.12759631516808173
2021-09-24,0.5094560525903533,0.14824110390850756
2021-09-27,0.2205998272930329,0.14483348011123415
2021-09-28,0.2307170714254452,0.14670235431697676
2021-09-29,0.2325477946949662,0.1889635051222858
2021-09-30,0.2290209977739877,0.1899137116968664
2021-10-01,0.2128780564431809,0.19776613411452515
2021-10-04,0.4944179382062104,0.19551595887580406
2021-10-05,0.502675943001925,0.20074595272794102
2021-10-06,0.1947761486045698,0.2002711336509558
2021-10-07,0.2000265711526257,0.19944757463784824
2021-10-08,0.200700714255712,0.19953491321430689
2021-10-11,0.4819524792226218,0.19609017487564487
2021-10-12,0.4934200579035515,0.19950911774647304
2021-10-13,0.5038352375172495,0.19986571800512334
2021-10-14,0.5319806289996897,0.1892949325693427
2021-10-18,0.4954583576241296,0.19027816445948667
2021-10-19,0.4991717401472442,0.19143743281978381
2021-10-20,0.5078868137892321,0.19152407354021608
2021-10-21,0.5021968535198263,0.2025114723711695
2021-10-22,0.546469473731856,0.2013144467227751
2021-10-25,0.2092414455050492,0.1872456785149136
2021-10-26,0.2124514272701259,0.18734725396494925
2021-10-27,0.2111851886379288,0.22560111762021903
2021-10-28,0.2226227475988628,0.19072136511425677
2021-10-29,0.210059423390424,0.189443185336565
2021-11-01,0.5160714993379407,0.19193146818477744
2021-11-02,0.5259704500220657,0.19180867637929164
2021-11-03,0.5264551915685912,0.1881744623883494
2021-11-04,0.5391465144892726,0.19298670975327376
2021-11-08,0.4772052250004585,0.2111735131496532
2021-11-09,0.4856360489610274,0.2205722859249841
2021-11-10,0.184691616632792,0.2191930953660627
2021-11-11,0.4940941387311242,0.21507011245140364
2021-11-12,0.405884974846293,0.21517785689956917
2021-11-15,0.4660690985311556,0.21518014265834945
2021-11-16,0.4839319577832098,0.21231107287203058
2021-11-17,0.5016997121938023,0.2121558160457675
2021-11-18,0.5111491049732467,0.230962411351232
2021-11-22,0.5701775792482919,0.24738191317437214
2021-11-23,0.5672012933351909,0.24760327820764885
2021-11-24,0.2378918967810734,0.25079251472459935
2021-11-25,0.2092708953752459,0.2512176278730336
2021-11-26,0.2043420092580552,0.21787573843173022
2021-11-29,0.2215987440337949,0.21877475517176526
2021-11-30,0.232092716059972,0.2173677784731618
2021-12-01,0.213866876261329,0.20758713784612465
2021-12-02,0.2014628969078615,0.20712506004668835
2021-12-03,0.2084544740738061,0.20916112124876424
2021-12-06,0.6318360748219245,0.2242639100981311
2021-12-07,0.5762965361804984,0.2108043764464576
2021-12-08,0.5459632284833146,0.21676130771791816
2021-12-09,0.2243861449914047,0.21677119824117758
2021-12-10,0.2350231422846663,0.21803330134501517
2021-12-13,0.5014881156952278,0.22463467841939289
2021-12-14,0.5100547057651051,0.2247836358768303
2021-12-15,0.523288419310955,0.22608765022917485
2021-12-16,0.5469242457937498,0.22612611050055786
2021-12-17,0.615714492176726,0.20699486886029952
2021-12-20,0.6133564846195838,0.16964602082436467
2021-12-21,0.6066658639372082,0.16876522029533678
2021-12-22,0.2244920672757997,0.1639551857834501
2021-12-23,0.5804642785492138,0.16410903978841226
2021-12-24,0.6149027187473305,0.16267384933464032
2021-12-27,0.2191598501580643,0.17208120666659296
2021-12-28,0.2191172261121501,0.18617929648342288
2021-12-29,0.2218959751337529,0.18744070619186573
2021-12-30,0.2201849016831271,0.189432570501198
2021-12-31,0.2109698955705775,0.1866390945501147
2022-01-03,0.4268018938781595,0.16922673706616853
2022-01-04,0.4578714168654235,0.1807139401362821
2022-01-05,0.4689189705418865,0.16388133310279998
2022-01-06,0.4166664568872107,0.16396777915623054
2022-01-07,0.4855597002526545,0.17810087510607345
2022-01-10,0.4518762338002989,0.16884288187995727
2022-01-11,0.4611304044696612,0.17702145110103787
2022-01-12,0.4738373014512889,0.17885915300059568
2022-01-13,0.4793034522711176,0.18295694957512112
2022-01-14,0.4866174277886387,0.23732313108985548
2022-01-17,0.454304204877258,0.2652367939017976
2022-01-18,0.4618459900821835,0.2660022118117987
2022-01-19,0.2900812249413191,0.26848850337813446
2022-01-20,0.473251698807598,0.2679723806775651
2022-01-21,0.4780261148018033,0.2668297063765848
2022-01-24,0.3000393538556183,0.26175329724656043
2022-01-25,0.2768169723656831,0.25160650846501015
2022-01-27,0.2838103386164766,0.32774554276877355
2022-01-28,0.2812162826183928,0.34765189629354926
2022-01-31,0.5574181600944828,0.34731478463992266
2022-02-01,0.5394184041434302,0.35358746672522207
2022-02-02,0.5419007610480924,0.34818559501710894
2022-02-03,0.2282010277369419,0.35129175673742
2022-02-04,0.6017298387029668,0.38639104947820035
2022-02-07,0.4423207845247634,0.3806061701357321
2022-02-08,0.4493424365532744,0.38692012768141887
2022-02-09,0.4596390333143363,0.3892459933671238
2022-02-10,0.1872694298968727,0.38758499044288214
2022-02-11,0.3996043335066326,0.39273002598397955
2022-02-14,0.4823264997940567,0.36353421802528324
2022-02-15,0.452702097814633,0.3510310677135752
2022-02-16,0.4641765735644683,0.35678238062901124
2022-02-17,0.4846490466276982,0.356836047968554
2022-02-18,0.3608468155675141,0.35824524062445934
2022-02-21,0.2376230516704637,0.3586940201850666
2022-02-22,0.3708431288267534,0.3627038417582756
2022-02-23,0.3896924966218579,0.3628876271682043
2022-02-24,0.5672754852549428,0.29632461499184903
2022-02-25,0.5072627561950368,0.271650454340121
2022-02-28,0.3227986942982173,0.27495775612285134
2022-03-02,0.3390603007616949,0.2622940431646527
2022-03-03,0.3361427884675314,0.2693058307744445
2022-03-04,0.3415814201197872,0.2981793978282592
2022-03-07,0.4206115366324809,0.2556764813605563
2022-03-08,0.2476714316763959,0.25706862850211465
2022-03-09,0.3797695100371641,0.24754677115537901
2022-03-10,0.3625349596121013,0.23855049342329254
2022-03-11,0.3148383589885339,0.2387951567578213
2022-03-14,0.3452372251009851,0.2261037937178659
2022-03-15,0.3748163422164788,0.2258045485997939
2022-03-16,0.3652284963414247,0.22500643419446556
2022-03-17,0.3965586528586259,0.21809815739819355
2022-03-21,0.2727425102321533,0.21438047045895844
2022-03-22,0.2811848278406994,0.21743498105892697
2022-03-23,0.3420476267447747,0.22921352987956187
2022-03-24,0.3027397287043802,0.22085755512407557
2022-03-25,0.3754473887734418,0.2227965088325603
2022-03-28,0.2976590975515681,0.2238232604523486
2022-03-29,0.2832714096910499,0.22671127870165933
2022-03-30,0.2618816049750138,0.22399632784810103
2022-03-31,0.2516862827987171,0.22408661104003771
2022-04-01,0.2348658061800603,0.22935539992010745
2022-04-04,0.4554657094112796,0.18224300300888532
2022-04-05,0.4300518861717433,0.18631114258092968
2022-04-06,0.4161554119260174,0.18467992207003442
2022-04-07,0.4241649161803997,0.18577897988758413
2022-04-08,0.2328205675400999,0.18612803955627738
2022-04-11,0.3402455707483011,0.22152171338650617
2022-04-12,0.273417200306406,0.22545060825035515
2022-04-13,0.2257072705733605,0.22951572205611606
2022-04-18,0.3364878382921832,0.23056865104430466
2022-04-19,0.3559500848704665,0.22792668590305426
2022-04-20,0.3622699464396018,0.24475487175450142
2022-04-21,0.2489852737618337,0.2602337366094494
2022-04-22,0.2187984528166527,0.24916144088111514
2022-04-25,0.2445799316008263,0.24917293700333776
2022-04-26,0.2251609055251094,0.2472162671353354
2022-04-27,0.2352548713058082,0.25636682464389876
2022-04-28,0.2201310621190675,0.2587421486459959
2022-04-29,0.2263830135672213,0.2575433424083542
2022-05-02,0.2607918083044671,0.2596458833308044
2022-05-04,0.4251964565343066,0.24414170943103833
2022-05-05,0.4372773430336793,0.24412187811486105
2022-05-06,0.2380557119118525,0.23767413466800213
2022-05-09,0.2414445761408307,0.23546049486304912
2022-05-10,0.2527788933486765,0.23662280181052406
2022-05-11,0.3543122514149758,0.2356889099942018
2022-05-12,0.4690895495641971,0.20285673409466956
2022-05-13,0.4532046307083878,0.20737897075305461
2022-05-16,0.3303683609025353,0.2305350060389434
2022-05-17,0.3381370817391967,0.21868802213039978
2022-05-18,0.3429478600058435,0.21823787721213866
2022-05-19,0.3513532523115109,0.21378685145770251
2022-05-20,0.341333134616383,0.1889655218561717
2022-05-23,0.3359003748937878,0.18904764951770905
2022-05-24,0.2623803257285094,0.1967343267213923
2022-05-25,0.2664583945371584,0.20016381188596677
2022-05-26,0.42052493131592,0.18727354329597345
2022-05-27,0.4018612034018435,0.1873618211762872
2022-05-30,0.2242104654479272,0.18715784198908328
2022-05-31,0.2326393376138157,0.1849353613817521
2022-06-01,0.2239240449393545,0.1886428426275474
2022-06-02,0.2175889484669904,0.18936348724533278
2022-06-03,0.2244567707778151,0.18669655416211267
2022-06-06,0.262567112785576,0.191381600109074
2022-06-07,0.2205660352765719,0.18918731106267153
2022-06-08,0.3569142479455565,0.19639615837252036
2022-06-09,0.3442251673596439,0.2051990728181612
2022-06-10,0.2230815901031931,0.19688431948724003
2022-06-13,0.3885320422180093,0.16511485699144207
2022-06-14,0.4014267837848309,0.16826422993671308
2022-06-15,0.4079431241803393,0.17105162720482764
2022-06-16,0.472377203444837,0.15344722149227674
2022-06-17,0.4714027391617521,0.15287009077526387
2022-06-20,0.3275077452645607,0.16740692639980514
2022-06-21,0.3371986802011779,0.16231153811575574
2022-06-22,0.3373989652535317,0.15993529118447386
2022-06-23,0.3437095503633618,0.1584759287374655
2022-06-24,0.3572319196937223,0.15847380024500143
2022-06-27,0.2357779611299476,0.15729285575160398
2022-06-28,0.2364225998615664,0.15930382394677106
2022-06-29,0.2431310784790248,0.15855627240608036
2022-06-30,0.2393964599549308,0.16764527558031056
2022-07-01,0.2315310907717054,0.16755086237005265
2022-07-04,0.3573391663462059,0.16671255600058335
2022-07-05,0.3625149421723672,0.16658067261859985
2022-07-06,0.3763438987886053,0.15796974021895094
2022-07-07,0.4123087231616234,0.1473078548932016
2022-07-08,0.4273222818967174,0.14667270678437877
2022-07-11,0.2553443631403873,0.1455233269414256
2022-07-12,0.3249631049214397,0.14159058160108776
2022-07-13,0.3333693472860813,0.14852522883092276
2022-07-14,0.2434543282451526,0.14816605539380068
2022-07-15,0.2480093343855436,0.14920834227108393
2022-07-18,0.3205542756538744,0.13404691437657817
2022-07-19,0.3303361143712174,0.13026223621597363
2022-07-20,0.1956821149216955,0.14144735450196216
2022-07-21,0.1811092737173441,0.15328778069414847
2022-07-22,0.3830000770616505,0.14871172129320723
2022-07-25,0.1990439326287301,0.15192988296398424
2022-07-26,0.199897255115612,0.1489772055620776
2022-07-27,0.1974241108875236,0.14450053365191395
2022-07-28,0.1795536807286775,0.1480007052603344
2022-07-29,0.1783933955973872,0.18710184864073556
2022-08-01,0.3647989006252752,0.18426401336911194
2022-08-02,0.1902627252673634,0.18423429114283393
2022-08-03,0.1950131236547407,0.1874043287684379
2022-08-04,0.2274002965469841,0.18653507714931605
2022-08-05,0.1910802065648758,0.1868492979634728
2022-08-08,0.3100142744211028,0.1963269068223614
2022-08-10,0.3213248208821698,0.19711361256734156
2022-08-11,0.1943404340514248,0.18994733260404015
2022-08-12,0.1744138724982966,0.19115604650915385
2022-08-16,0.3122602895075909,0.19578005715933094
2022-08-17,0.2782797019855654,0.19548115740622374
2022-08-18,0.2817203032072888,0.19826847534230457
2022-08-19,0.216831501984458,0.1891369900419457
2022-08-22,0.3432349849041013,0.18476487881300827
2022-08-23,0.3330438634302252,0.18247117947520447
2022-08-24,0.329063992771687,0.18653827593395483
2022-08-25,0.2997624877813745,0.209648722061483
2022-08-26,0.2302806603152862,0.22600300483960933
2022-08-29,0.192519528550653,0.21766498720343658
2022-08-30,0.1807443933519632,0.193090969253382
2022-09-01,0.1933978348599456,0.1922128561721051
2022-09-02,0.1928070989408085,0.21265094554743014
2022-09-05,0.2730877428722678,0.21712419156697688
2022-09-06,0.2748380294328124,0.23848689640999363
2022-09-07,0.2539489778454235,0.23825158826322101
2022-09-08,0.3102475249919978,0.22880128068380473
2022-09-09,0.2038512120730963,0.22820597573121873
2022-09-12,0.2901491502339578,0.2304164854655352
2022-09-13,0.3090126996223375,0.23191421067401796
2022-09-14,0.3205144994453027,0.23176342554572052
2022-09-15,0.2812735385319134,0.23934443363404564
2022-09-16,0.1944120345975782,0.24273329938103494
2022-09-19,0.3066475304099642,0.24502725361041577
2022-09-20,0.2751165114335849,0.24020677415711528
2022-09-21,0.3130942132201216,0.24034315514116145
2022-09-22,0.3113593093647746,0.24270311489429303
2022-09-23,0.2140750992064612,0.22740715401735928
2022-09-26,0.2758006963603472,0.2117176593493865
2022-09-27,0.2520424221344107,0.21093449391848884
2022-09-28,0.2549567845013141,0.20512726910208742
2022-09-29,0.2488282963645909,0.20667321832797658
2022-09-30,0.2354434591723454,0.18527018197275502
2022-10-03,0.2554215406078015,0.17710266940309682
2022-10-04,0.3774773380686909,0.1471331772067182
2022-10-06,0.3818456615119601,0.14633884399179106
2022-10-07,0.3933971176351872,0.1505612181930084
2022-10-10,0.3064024667731938,0.15058776793617756
2022-10-11,0.3000131331528145,0.14732193458077095
2022-10-12,0.242964121357258,0.14958526949989787
2022-10-13,0.318690443964375,0.14269545458723654
2022-10-14,0.32705632886004,0.13086344205753064
2022-10-17,0.309823406127366,0.1194756517223616
2022-10-18,0.325254688242581,0.11434233967947204
2022-10-19,0.3628503875937067,0.11425493012640323
2022-10-20,0.3311152384165262,0.11193441183963998
2022-10-21,0.1652433658029432,0.0948953778747158
2022-10-24,0.1985497836542083,0.08654532303086011
2022-10-25,0.2005197776493809,0.08980495947645131
2022-10-27,0.1971284408105902,0.0888290109966031
2022-10-28,0.1971781412730691,0.08480299695597841
2022-10-31,0.195125401408429,0.08031782259280751
2022-11-01,0.1985526079774131,0.08162029029292994
2022-11-02,0.3411225200768322,0.0807238992314333
2022-11-03,0.204870562208115,0.080697303904818
2022-11-04,0.1886491073266221,0.0827928694672059
2022-11-07,0.2950556440368094,0.0759331750429891
2022-11-09,0.3224849239868697,0.07555954942298593
2022-11-10,0.1792983690739491,0.08449784179906038
2022-11-11,0.3175213135801331,0.07144658980939311
2022-11-15,0.299106722038705,0.06977242555292992
2022-11-16,0.1759034090107165,0.06893338162034575
2022-11-17,0.170054891225875,0.08188960436350831
2022-11-18,0.3147275383365371,0.084991323934924
2022-11-21,0.2930010208441784,0.08613349404172042
2022-11-22,0.2964010551214805,0.08575026158875539
2022-11-23,0.2962253595046104,0.10290038776000118
2022-11-24,0.3055107011555236,0.10036179131388667
2022-11-25,0.1364788525098964,0.11801686037461634
2022-11-28,0.1455225220049365,0.1431239541408735
2022-11-29,0.1460259202730926,0.14435998176230064
2022-11-30,0.1457978231949078,0.14364309635389066
2022-12-01,0.1425348654228961,0.1478309618197613
2022-12-02,0.1425222570822245,0.1488851615928155
2022-12-05,0.2843352549970834,0.14876445771135532
2022-12-06,0.2911812594110986,0.14902206161080714
2022-12-07,0.2124575321342062,0.15383873015678673
2022-12-08,0.2978205507727843,0.15114903366613336
2022-12-09,0.2354557447829351,0.15515476335840903
2022-12-12,0.2807502840177875,0.15850557063279228
2022-12-13,0.2840254173624384,0.16439333116098248
2022-12-14,0.2886942202517015,0.1652090464252933
2022-12-15,0.2061186803538637,0.15955805408502297
2022-12-16,0.3076342332082245,0.1597760325950154
2022-12-19,0.2797880721890536,0.15989875554824973
2022-12-20,0.2848358488783886,0.15993794828638913
2022-12-21,0.3067030157242909,0.14892948676380638
2022-12-22,0.298519714899779,0.14829691915962012
2022-12-23,0.1595846700234905,0.1352824010960836
2022-12-26,0.1576852197075767,0.11144609830952448
2022-12-27,0.1595922971586885,0.11004801971644028
2022-12-28,0.1613019319973143,0.1430028180740189
2022-12-29,0.1522761707398772,0.17872004192657245
2022-12-30,0.1579834884726106,0.1774132157669052
2023-01-02,0.2717282764035781,0.17806323468923954
2023-01-03,0.3082910190365259,0.17756530815245283
2023-01-04,0.1719609570498259,0.1739158359746215
2023-01-05,0.2506910325372891,0.18587833903496906
2023-01-06,0.207352636360723,0.18283781186632123
2023-01-09,0.2075310724642241,0.18011236823634447
2023-01-10,0.2089136215777366,0.17373635583349303
2023-01-11,0.1756362290441371,0.17276872493536563
2023-01-12,0.1923889595643726,0.17230422905240741
2023-01-13,0.1967933174855028,0.17222912409890317
2023-01-16,0.2723894481672781,0.17422036544339586
2023-01-17,0.2763338806316144,0.17427014329580803
2023-01-18,0.1750838378367024,0.1734730852831285
2023-01-19,0.2407210240760824,0.17836076450964444
2023-01-20,0.164211127294899,0.1816114807921021
2023-01-23,0.1580535523450856,0.1797338875867684
2023-01-24,0.1571129868835834,0.1892310265791943
2023-01-25,0.1717802432330463,0.16571798936434873
2023-01-27,0.2233678789413073,0.12170393705162164
2023-01-30,0.4213439288222848,0.12663715049547558
2023-01-31,0.3508948105820182,0.124493738716264
2023-02-01,0.1990484564180492,0.12946010086665083
2023-02-02,0.3630680549141643,0.13153668285169265
2023-02-03,0.2079373390413728,0.13329391805165067
2023-02-06,0.2704829064629918,0.13313522310097828
2023-02-07,0.2641320220543172,0.13417288360273022
2023-02-08,0.2714002391513214,0.13689499609234132
2023-02-09,0.1697745909155358,0.15240005563092798
2023-02-10,0.1631006797370008,0.17289905949260473
2023-02-13,0.2730056378542405,0.17181288490326388
2023-02-14,0.2728921977567892,0.1720394976764917
2023-02-15,0.2768989046791838,0.17205300415676505
2023-02-16,0.2826610734025953,0.1768956982630404
2023-02-17,0.2141971941986012,0.1729344030613967
2023-02-20,0.2876547244069948,0.17547558350197964
2023-02-21,0.2740948502050735,0.17570329884328406
2023-02-22,0.1696824024178611,0.1687473021188384
2023-02-23,0.1662167082501692,0.16991664768849832
2023-02-24,0.1535728686429211,0.16975019697424684
2023-02-27,0.1494819770825569,0.16651415173453682
2023-02-28,0.1503653249613078,0.1692640818978431
2023-03-01,0.1425632886302238,0.176147117241264
2023-03-02,0.1443917821339715,0.1749760799553279
2023-03-03,0.1334060967320061,0.15894741791246428
2023-03-06,0.1351006218593309,0.15876059380473403
2023-03-08,0.2783351668267158,0.1585825009407519
2023-03-09,0.1390073182154484,0.162802039514679
2023-03-10,0.1503062904495191,0.14928358143792875
2023-03-13,0.3360571532624793,0.13413784868358694
2023-03-14,0.3354784857199276,0.13387549993337422
2023-03-15,0.3619397398281614,0.12985489748816595
2023-03-16,0.3673259095118812,0.12998274715206332
2023-03-17,0.1652976016911346,0.12340140106888277
2023-03-20,0.2355025220751703,0.12222740247272024
2023-03-21,0.2400850065253194,0.12059492202746605
2023-03-22,0.2185759409111253,0.12029052978535391
2023-03-23,0.1979235627173146,0.11604576983309782
2023-03-24,0.1530128770878148,0.1151967313595384
2023-03-27,0.1850034810982199,0.11673861555501018
2023-03-28,0.1731843123754778,0.1164952190016611
2023-03-29,0.159112193860851,0.11245864686638594
2023-03-31,0.1519671839982695,0.09888939718439015
2023-04-03,0.2771593263850329,0.12866185312614456
2023-04-05,0.145811675359892,0.13762177597265526
2023-04-06,0.1387881196840593,0.13775450674675713
2023-04-10,0.2499730300439048,0.13702212594270577
2023-04-11,0.2656137949446865,0.129631483232588
2023-04-12,0.2186483783367945,0.13117145902621014
2023-04-13,0.264093034469033,0.12384104753303843
2023-04-17,0.2442514589517028,0.12410352616172635
2023-04-18,0.2482771532485637,0.12521036249848408
2023-04-19,0.2078801837334305,0.12493645865730844
2023-04-20,0.2569704764439122,0.1257914367888412
2023-04-21,0.1860329661679904,0.12532935421440364
2023-04-24,0.1324676120392036,0.11771988418969002
2023-04-25,0.1315092483591479,0.11978079279635385
2023-04-26,0.1326673857028577,0.1191197651162844
2023-04-27,0.1272600319117338,0.12137561541934763
2023-04-28,0.121250898548325,0.12215530326806014
2023-05-02,0.1678276057141003,0.12217651863060809
2023-05-03,0.1745733814057235,0.12460752886464374
2023-05-04,0.159701793741073,0.12388099952369533
2023-05-05,0.1864846605505277,0.09163450745304752
2023-05-08,0.2561464616466238,0.07697192286482268
2023-05-09,0.2354239041718374,0.07681539743707627
2023-05-10,0.2348658351110701,0.07655552209078215
2023-05-11,0.2277036157874268,0.07892327157134243
2023-05-12,0.188613040346823,0.07455778029830694
2023-05-15,0.2617656699719185,0.07117175750376249
2023-05-16,0.2018418189365429,0.07071382383825854
2023-05-17,0.2183033072589384,0.06913224726814744
2023-05-18,0.1962644249916099,0.08194149581793303
2023-05-19,0.131703159386644,0.08955521254366917
2023-05-22,0.2469041099306882,0.09264285651662095
2023-05-23,0.1324023526915291,0.09309970644889007
2023-05-24,0.2082701199047101,0.09067435958511427
2023-05-25,0.2176690514342008,0.0913255088331567
2023-05-26,0.1260580001242917,0.08755885951091329
2023-05-29,0.1227647648864769,0.08432529694376519
2023-05-30,0.1193832026858802,0.092315420791774
2023-05-31,0.1226682049201595,0.09047634651164943
2023-06-01,0.1257998747385537,0.0925170138936822
2023-06-02,0.1203450072529102,0.09730695023338332
2023-06-05,0.2409296019240294,0.09706052461184951
2023-06-06,0.1216728328661353,0.09763762502460911
2023-06-07,0.2493277331859869,0.09834549903713126
2023-06-08,0.1254195421082716,0.10114035332110968
2023-06-09,0.1198046335351771,0.10126620798200962
2023-06-12,0.241072132235993,0.10161661324308076
2023-06-13,0.2435383982604463,0.10137350955542558
2023-06-14,0.2485757619952834,0.10112323204915866
2023-06-15,0.2583810407618382,0.09176922466704254
2023-06-16,0.1292204204871106,0.09625825178129159
2023-06-19,0.2359230780660176,0.09309093409842535
2023-06-20,0.2395979800172955,0.09463337024181134
2023-06-21,0.1762444339861632,0.10246660439276638
2023-06-22,0.1995854786102418,0.10224816156684766
2023-06-23,0.1902399849776098,0.10258596298233436
2023-06-26,0.1199767780518201,0.10275289568595258
2023-06-27,0.1155584554431236,0.09658955126225656
2023-06-28,0.1189962805288532,0.09966946669504317
2023-06-30,0.1178653304382361,0.0953230162058329
2023-07-03,0.1456433761619999,0.0907620898696783
2023-07-04,0.1297493922749586,0.09017748686219182
2023-07-05,0.1544714336778636,0.10090377524624952
2023-07-06,0.1259818941124959,0.10689630102005131
2023-07-07,0.1510232992497703,0.10586349186007837
2023-07-10,0.2162889463503559,0.10579412145752258
2023-07-11,0.247751958151634,0.10587230456938192
2023-07-12,0.2549199693950075,0.10574683609738829
2023-07-13,0.2256929845390114,0.10909702649209853
2023-07-14,0.118925828517463,0.11182152563562334
2023-07-17,0.202325731913106,0.1006041204871591
2023-07-18,0.2031534078880654,0.1012315374645172
2023-07-19,0.1353247366976711,0.0993065744798607
2023-07-20,0.1321927665302112,0.09095103838637365
2023-07-21,0.1323239436518167,0.09136197810349245
2023-07-24,0.2215945217565346,0.09060715436152782
2023-07-25,0.1473663605442961,0.09845219467104246
2023-07-26,0.2373079342913555,0.09701976997283214
2023-07-27,0.1599939439420131,0.0947782826217637
2023-07-28,0.1190603943909881,0.09568609755340211
2023-07-31,0.1177448658466297,0.09461787600018391
2023-08-01,0.1146933298414812,0.09681628797826072
2023-08-02,0.1201167024063828,0.08700369348165285
2023-08-03,0.1193843924920714,0.08599008341400881
2023-08-04,0.1119126630641398,0.08171787935608146
2023-08-07,0.2093829158958836,0.08173300792933197
2023-08-08,0.155796924552004,0.08170698534953652
2023-08-09,0.1143086994073129,0.08957859350788597
2023-08-10,0.1151636025362417,0.08821053236398745
2023-08-11,0.2457597680312574,0.0898911756251335
2023-08-14,0.1527287868538852,0.0895890559712498
2023-08-16,0.1608473979173611,0.09405341619319826
2023-08-17,0.1633944129615746,0.09421300748246936
2023-08-18,0.1161951097200854,0.09581570238006995
2023-08-21,0.1723098365268816,0.09699084394762962
2023-08-22,0.1747724625523851,0.107452787761815
2023-08-23,0.1134850660032797,0.11673479808586358
2023-08-24,0.1118357003790337,0.11673055244173945
2023-08-25,0.1836308193612403,0.11544268727888313
2023-08-28,0.1179434452559837,0.11406361732942608
2023-08-29,0.1179834948526196,0.11409937760994587
2023-08-30,0.1202256584284491,0.11447148698664295
2023-08-31,0.1256567303600241,0.1150347934627093
2023-09-01,0.1150754958521461,0.11029218349905416
2023-09-04,0.1774982958793524,0.1151398760674024
2023-09-05,0.1155768152342689,0.1168184102770917
2023-09-06,0.1751509892305813,0.1170015605022597
2023-09-07,0.1731337960973093,0.11726889424263359
2023-09-08,0.2090222884017308,0.12133952400909181
2023-09-11,0.2254547886230739,0.1175970945777934
2023-09-12,0.2231496933902625,0.11768883603621239
2023-09-13,0.2405087162848453,0.11624510075918214
2023-09-14,0.1207169137120084,0.11613720148766274
2023-09-15,0.1476384531777657,0.11571046904752284
2023-09-18,0.1195598376947935,0.12151928042764414
2023-09-20,0.1552688312626635,0.11289697675404721
2023-09-21,0.2636021175958168,0.09566448694970021
2023-09-22,0.1249783831861279,0.10646442975900966
2023-09-25,0.126416681692805,0.10899333863087216
2023-09-26,0.1284377389154687,0.11777691474145636
2023-09-27,0.1302382243259015,0.1249703494408778
2023-09-28,0.1376389073955892,0.12467314957305896
2023-09-29,0.1232838849059169,0.1236339627289309
2023-10-03,0.1446159912771821,0.12333339155001193
2023-10-04,0.1295375945850175,0.1211433884482551
2023-10-05,0.1239652598796393,0.1220068548002317
2023-10-06,0.1785763002041661,0.12389972018610165
2023-10-09,0.1850496599431042,0.11827580539033282
2023-10-10,0.1844751380088329,0.11215453002647598
2023-10-11,0.201648414055565,0.11147187855519848
2023-10-12,0.1257213761428691,0.11182860930294233
2023-10-13,0.179298479922448,0.1099607534259718
2023-10-16,0.1297518661340676,0.11017751686724793
2023-10-17,0.1233557497172698,0.11202131701374132
2023-10-18,0.1359496998338034,0.10395089949760472
2023-10-19,0.1311572610858859,0.11345306054593263
2023-10-20,0.1738088428412736,0.11342437620176588
2023-10-23,0.2007349306627187,0.10369701992407483
2023-10-25,0.2546763660029784,0.10217322131615321
2023-10-26,0.3046432708089215,0.09181159359478497
2023-10-27,0.1243363088874893,0.08317169816121597
2023-10-30,0.1263746086769338,0.08091418389383132
2023-10-31,0.1281606379688067,0.09653819675206517
2023-11-01,0.1262096200683639,0.09602304328310314
2023-11-02,0.1206610453121894,0.0960883767906896
2023-11-03,0.114347809003137,0.1563822639164619
2023-11-06,0.2102593401834109,0.16061792644004907
2023-11-07,0.1198070545823462,0.1608915215132788
2023-11-08,0.1168759573289688,0.16076351946191908
2023-11-09,0.1172093059914053,0.16385251069206655
2023-11-10,0.1969825594745635,0.16352487554623193
2023-11-12,0.1218434815341866,0.163713759162561
2023-11-13,0.1549469432371376,0.1634927170862733
2023-11-15,0.1194626503843534,0.16852368384886238
2023-11-16,0.1145755892617092,0.17122250373100775
2023-11-17,0.2083315152076544,0.16597954679174462
2023-11-20,0.1352969934230257,0.16597969642835647
2023-11-21,0.1322318608054715,0.16876692818471087
2023-11-22,0.1332739134231749,0.170196482858408
2023-11-23,0.1214358186483157,0.17184513351096387
2023-11-24,0.1158041697586003,0.17201755213443798
2023-11-28,0.1207752209066173,0.17665378962581585
2023-11-29,0.1248777417549528,0.16868500550034737
2023-11-30,0.1249327917836048,0.1692946462150824
2023-12-01,0.1235690608283421,0.16727298181839492
2023-12-04,0.2928634630366094,0.11561498517459458
2023-12-05,0.3967220833487138,0.10694454719085003
2023-12-06,0.1248559805446359,0.1121474829589035
2023-12-07,0.1335840054421022,0.11217914235309842
2023-12-08,0.1974463628383487,0.11977901103505777
2023-12-11,0.1662351306422891,0.12072229233078127
2023-12-12,0.1469256873012094,0.11994594402766232
2023-12-13,0.1403342394231166,0.12008561111928412
2023-12-14,0.1414613584827378,0.11195741299105129
2023-12-15,0.2150410125199984,0.1127396989607129
2023-12-18,0.1470434739743077,0.1109062332739142
2023-12-19,0.1513030459131092,0.1908689631053825
2023-12-20,0.1741738588695795,0.1901653409559884
2023-12-21,0.1649683480925668,0.18787848470894192
2023-12-22,0.1532960497769328,0.18811878770380117
2023-12-26,0.1573822934275556,0.20420480640389818
2023-12-27,0.164220530976353,0.20007291234445151
2023-12-28,0.1613983639169327,0.20011209713032094
2023-12-29,0.152600575612769,0.20456048198738278
2024-01-01,0.1591342430204271,0.20459921322580754
2024-01-02,0.1550481235039956,0.207432504361204
2024-01-03,0.1518596599498558,0.20791525631243424
2024-01-04,0.1482404582932861,0.20540049215245101
2024-01-05,0.1492264939330422,0.20569014908283426
2024-01-08,0.1570412698796765,0.19911806742359434
2024-01-09,0.216191091347701,0.19875590477927502
2024-01-10,0.1963884962616957,0.2083241827979513
2024-01-11,0.1502148129850326,0.21387523125469324
2024-01-12,0.1487725876471756,0.22093882038510854
2024-01-15,0.1449245594487047,0.2237936453336655
2024-01-16,0.1511832597586117,0.22598973522381707
2024-01-17,0.2474391821488406,0.16587167357491425
2024-01-18,0.1553037493139657,0.16412955556809317
2024-01-19,0.1671245601494403,0.16452982381780154
2024-01-20,0.1906330624426862,0.16763519104466493
2024-01-23,0.1826105359090252,0.14669838198298965
2024-01-24,0.1723307659132216,0.1467966310935004
2024-01-25,0.1874829162914952,0.14603052703392244
2024-01-29,0.1847985042728911,0.1399748272819314
2024-01-30,0.1870742605715321,0.13985604842525626
2024-01-31,0.183066360570409,0.1395285511987221
2024-02-01,0.1660866164868239,0.13927612677923143
2024-02-02,0.1730476474499106,0.1642281555933559
2024-02-05,0.2015074547405194,0.16433254533419256
2024-02-06,0.2094208214739651,0.1642649324480356
2024-02-07,0.1695895254854006,0.16643497324726064
2024-02-08,0.1812909180603375,0.15433438668787236
2024-02-09,0.1682619832404378,0.1512538158992612
2024-02-12,0.254525267982657,0.13931182582960583
2024-02-13,0.1927680499179995,0.1324737526416877
2024-02-14,0.1551035396000112,0.12948130147130735
2024-02-15,0.1831266792170334,0.1281179712275781
2024-02-16,0.1999128617459116,0.12749228104506927
2024-02-19,0.1660662465922639,0.12780762922007805
2024-02-20,0.1527953056014194,0.12071540836704077
2024-02-21,0.1857746554111181,0.12391854096265792
2024-02-22,0.1870074600755095,0.12443080425529661
2024-02-23,0.1778129783459033,0.1257648518202435
2024-02-26,0.1859347687946848,0.1252851805386648
2024-02-27,0.1853585096069664,0.12787104336192776
2024-02-28,0.1950024837511059,0.12332795386098074
2024-02-29,0.1866847355454026,0.12275123348694272
2024-03-01,0.1855800049775107,0.08513598950376827
2024-03-04,0.1776712747751656,0.09020249609520484
2024-03-05,0.17234886140015,0.09518165060424573
2024-03-06,0.1632345287871633,0.09102635707342145
2024-03-07,0.1575214470383741,0.09116733895275105
2024-03-11,0.1707279246797685,0.08497992469373758
2024-03-12,0.1784499422802731,0.09029597563620834
2024-03-13,0.168733110056109,0.1050694677079422
2024-03-14,0.169717367756514,0.10626316741309766
2024-03-15,0.1803610187271493,0.1097392632379305
2024-03-18,0.1822652862088871,0.11607771434345994
2024-03-19,0.1767866045847757,0.1180717038847596
2024-03-20,0.1918891356742807,0.11798417439437536
2024-03-21,0.156994386043463,0.11560897022690442
2024-03-22,0.1498867530003914,0.11698677709336543
2024-03-26,0.1584323928218827,0.11726364001532676
2024-03-27,0.1501553712573513,0.1464987971697844
2024-03-28,0.1498630521120969,0.14425790140528383
2024-04-01,0.1492496007354977,0.14069854677309918
2024-04-02,0.1447644407568917,0.14242451878129175
2024-04-03,0.1373786541356864,0.14231793337032791
2024-04-04,0.1324243654526029,0.14557060013430817
2024-04-05,0.1271072502313715,0.14338807790791439
2024-04-08,0.1317705818102103,0.14862350673864919
2024-04-09,0.1370039417163287,0.14831045870142967
2024-04-10,0.1253366316438453,0.14922106533282184
2024-04-12,0.1509063904794245,0.14623510817246044
2024-04-15,0.2325564703057578,0.13471289009966128
2024-04-16,0.1423886402392931,0.1347119337387087
2024-04-18,0.3039410703138449,0.13145200026089662
2024-04-19,0.192092628250084,0.12603401896543973
2024-04-22,0.1145683539915361,0.12381130975692209
2024-04-23,0.1373263662105862,0.12532725594193592
2024-04-24,0.1347740066267732,0.1439100786125272
2024-04-25,0.1390629984157209,0.14290883646383465
2024-04-26,0.1419788362643441,0.1430368426998225
2024-04-29,0.1429601303011136,0.11247429168196799
2024-04-30,0.1393997713014969,0.12172644533651401
2024-05-02,0.1452942059985084,0.12186013903895633
2024-05-03,0.1901159463184531,0.1218025605659261
2024-05-06,0.2073259682356944,0.18689823022989072
2024-05-07,0.2405284682542317,0.3454558043344156
2024-05-08,0.2311348064055122,0.37907134022420363
2024-05-09,0.24477172412033,0.3773826667438846
2024-05-10,0.203561412908687,0.37912333462338876
2024-05-13,0.2454216136762103,0.37831209957490747
2024-05-14,0.2071984404231552,0.37826923670731105
2024-05-15,0.2470806704813679,0.37829412156217024
2024-05-16,0.2632320440603217,0.37769886233906524
2024-05-17,0.2483569413393551,0.3777214616932172
2024-05-18,0.24433962049009,0.37894279838937733
2024-05-21,0.2592177911840737,0.3846107624266831
2024-05-22,0.2630016845966787,0.3850179475485051
2024-05-23,0.2157863094554916,0.3782131118154179
2024-05-24,0.2375250831112939,0.37793671755279074
2024-05-27,0.2474757814663827,0.3822345716604139
2024-05-28,0.2567461196767616,0.3825163270065503
2024-05-29,0.2595271761871467,0.37968914646325125
2024-05-30,0.25045028931697,0.38077795655977437
2024-05-31,0.253925220915323,0.38047172467574747
2024-06-03,0.3921868229186606,0.3541456193377388
2024-06-04,0.241867549318313,0.20708703512615967
2024-06-05,0.2448304980180902,0.13472623113678878
2024-06-06,0.2372229323144923,0.13690637283097604
2024-06-07,0.2325533440654878,0.13286324529862537
2024-06-10,0.2548163065427425,0.1332051256727114
2024-06-11,0.1713274284875396,0.13555912224831898
2024-06-12,0.1598660536763962,0.13499884906761098
2024-06-13,0.1606680914104819,0.13495604976929507
2024-06-14,0.1822180091379579,0.13503760995934905
2024-06-18,0.1593771215854185,0.13148698674774423
2024-06-19,0.2628688773475194,0.11430478349479842
2024-06-20,0.1598258363663522,0.11375783008289402
2024-06-21,0.1476436681400754,0.1134547531182386
2024-06-24,0.1531401169737835,0.11847742717741698
2024-06-25,0.2420183089377683,0.10619166562663099
2024-06-26,0.1526563618700931,0.10883291689291005
2024-06-27,0.1541999297938734,0.11237943205412944
2024-06-28,0.1528251354497688,0.10809459343954753
2024-07-01,0.1552710894450629,0.10713609714850172
2024-07-02,0.155014722814028,0.10359709800233648
2024-07-03,0.1505650336742042,0.082901763308623
2024-07-04,0.1483834799081484,0.08419851432357899
2024-07-05,0.2240800827545368,0.11813595662045427
2024-07-08,0.1625484616894626,0.11959370945705863
2024-07-09,0.1675964681876613,0.12208030894745314
2024-07-10,0.1693079365392096,0.11937042202745335
2024-07-11,0.1667345002735232,0.12146365074087843
2024-07-12,0.1970011092513161,0.1216396231552447
2024-07-15,0.1637209091346841,0.1320420167540265
2024-07-16,0.1762170874339049,0.1321917618747309
2024-07-18,0.2228925469633414,0.14273291264049529
2024-07-19,0.1668527900909979,0.14108247828660953
2024-07-22,0.1900274299538387,0.14434038274965613
2024-07-23,0.250569066670903,0.1404577451334707
2024-07-24,0.1904803521229754,0.13841441418412567
2024-07-25,0.2873778258544214,0.13522916027738704
2024-07-26,0.1416672169235792,0.13307674750533757
2024-07-29,0.1473121234131258,0.13316639721730908
2024-07-30,0.1484019234349776,0.1333398346633394
2024-07-31,0.1475959902827752,0.1332891701139771
2024-08-01,0.1438124061186614,0.1339925350349244
2024-08-02,0.1903289199696949,0.1333183459438187
2024-08-05,0.3137145793262094,0.10157041397395443
2024-08-06,0.303334246709412,0.10057138441721275
2024-08-07,0.1908113589724852,0.09718747823316741
2024-08-08,0.1724761054284099,0.11543607823993196
2024-08-09,0.1512405688913775,0.11923473955606398
2024-08-12,0.231409440699943,0.11953486930102157
2024-08-13,0.2141730566779162,0.10879890439687563
2024-08-14,0.1895421380450211,0.12064319546935139
2024-08-16,0.2161303697495413,0.1074999596608647
2024-08-19,0.218399681850229,0.10799160711803886
2024-08-20,0.2345091878398087,0.10362012743799358
2024-08-21,0.1424496407293916,0.11006242064018945
2024-08-22,0.1386873890732933,0.10975408430316122
2024-08-23,0.1403166154817229,0.12064028843337067
2024-08-26,0.1406597549181251,0.12146715986198572
2024-08-27,0.1358435458910299,0.12146396612370165
2024-08-28,0.1392896067041164,0.1214185182925201
2024-08-29,0.1379796472221044,0.12273112273387903
2024-08-30,0.2163667679787413,0.1270213702161888
2024-09-02,0.2250028602942293,0.13905257254570613
2024-09-03,0.192334568198439,0.13803748518949255
2024-09-04,0.1477544619767188,0.1548840136835186
2024-09-05,0.1439200499915021,0.15702579663567853
2024-09-06,0.1639620416971849,0.15955571124884457
2024-09-09,0.1612906677868302,0.15959196860223987
2024-09-10,0.1651167790267377,0.1592350157492075
2024-09-11,0.146752357425085,0.16229621190034454
2024-09-12,0.1313317081187407,0.1555035428172395
2024-09-13,0.2092222143723036,0.16132944910482794
2024-09-16,0.227063110584655,0.16077674304290987
2024-09-17,0.2306993801729717,0.16091905552296515
2024-09-18,0.1291281502400624,0.16029688925508306
2024-09-19,0.1341406113580006,0.16847128394594071
2024-09-20,0.2142533420993345,0.1610642633000856
2024-09-23,0.2328518104248081,0.1669537844555505
2024-09-24,0.1364011446395155,0.16671508879533517
2024-09-25,0.1309093761891242,0.1677045772650115
2024-09-26,0.2470545151778372,0.17454722290041297
2024-09-27,0.1280879521684365,0.174023779554621
2024-09-30,0.1393418516156103,0.17982842419404127
2024-10-01,0.1341051731238031,0.18316298989794347
2024-10-03,0.1501178831716171,0.16952738604464157
2024-10-04,0.1455701609140279,0.16802676093294186
2024-10-07,0.214027494316229,0.15667285246124021
2024-10-08,0.1676210693142169,0.16657080057790052
2024-10-09,0.1592455355052665,0.16673587964674022
2024-10-10,0.1527805841484805,0.165017261719568
2024-10-11,0.1626797102210823,0.16495588496798927
2024-10-14,0.1558262982663433,0.16032799456637373
2024-10-15,0.1507289324551805,0.16769580942744508
2024-10-16,0.1522575344114828,0.18355933397529278
2024-10-17,0.1568963758181109,0.18025342498199146
2024-10-18,0.2431401792543137,0.17205114495584664
2024-10-21,0.1523399984578237,0.17280664708144355
2024-10-22,0.1649518602781993,0.1668082399265733
2024-10-23,0.166114540324897,0.17512101059029458
2024-10-24,0.1607338939045697,0.1889039778326476
2024-10-25,0.1658409904934417,0.18172268833433247
2024-10-28,0.1633117921211747,0.17889024740694695
2024-10-29,0.1574237409348099,0.16562939656042858
2024-10-30,0.1677043359264142,0.1622097864605784
2024-10-31,0.1754848957644965,0.16063626925591099
2024-11-01,0.1710762427562076,0.16491514139224037
2024-11-04,0.1819658596280829,0.16631234288163863
2024-11-05,0.1655280261820126,0.15337136001252447
2024-11-06,0.1527430401145029,0.1533155557913517
2024-11-07,0.1535860294253616,0.15101567758301507
2024-11-14,0.153999365150845,0.12097574687526289
2024-11-18,0.1574549077721529,0.13017843226622755
2024-11-19,0.1537117501110625,0.13717230566621819
2024-11-21,0.1643857834324864,0.14137936473158677
2024-11-22,0.1621527594040785,0.1426630710223066
2024-11-25,0.153472981044232,0.12820440650149165
2024-11-26,0.1511706314977961,0.12833349570973995
2024-11-27,0.1432918369703762,0.12818729706326554
2024-11-28,0.1590731419271506,0.1257095602697701
2024-11-29,0.1519571333504003,0.12774693874456286
2024-12-02,0.1613676091730464,0.12785805071717363
2024-12-03,0.1549062142750492,0.12232251601558476
2024-12-04,0.155339813960802,0.12214137500390897
2024-12-20,0.1622889201800672,0.1703672572086598
2024-12-23,0.1504552098566471,0.1752539195956108
2024-12-24,0.1438324209457114,0.1755137727351815
2024-12-26,0.1532838148632372,0.17573844714447903
2024-12-27,0.1475706143705173,0.17621425978116856
2024-12-30,0.1568901840411934,0.17586922084423906
2024-12-31,0.1606791154495659,0.18531178021763434
2025-01-01,0.1630535609414391,0.18605044442865978
2025-01-02,0.1530484223426145,0.18249799331215175
2025-01-03,0.1576409221892166,0.17853425741352638
2025-01-06,0.1854509365999917,0.1620936622641033
2025-01-07,0.1716681339061436,0.16227795713673265
2025-01-08,0.1723893169074825,0.1738882586580329
2025-01-09,0.1741827581024654,0.17276185726885396
2025-01-10,0.1795841488114452,0.16359382869660957
2025-01-20,0.1954292003866308,0.12812779647543687
2025-01-21,0.2062253548628666,0.11555081577228746
2025-01-22,0.2027776609518565,0.11567189453935738
2025-01-23,0.2048246929569479,0.12037205089039141
2025-01-24,0.2057266324768585,0.12046978708742291
2025-01-27,0.2194265113930646,0.12110289851387444
2025-01-28,0.2147845265308135,0.1085678233219104
2025-01-29,0.2183721593804363,0.10643278637361449
2025-01-30,0.2115057970253089,0.10637069345691029
2025-01-31,0.1975342261190413,0.1085172123665719
2025-02-01,0.1730785754067831,0.10968354556383578
2025-02-03,0.1758908560902435,0.10802373427587592
2025-02-04,0.16426650726619,0.08608173866772165
2025-02-05,0.1637898596899799,0.08567670336361648
2025-02-06,0.1682909084607208,0.08615969622829933
2025-02-07,0.1579196181559821,0.08717539333136869
2025-02-17,0.1755723743862846,0.11049437023621064
2025-02-18,0.173401200779848,0.11275077797433114
2025-02-19,0.1675243056754292,0.11360798405979262
2025-02-20,0.1662572994888803,0.1362725997228303
2025-02-21,0.163834239451527,0.13402844616691334
2025-02-24,0.166974018084191,0.13471923039392467
2025-02-25,0.1597364366594065,0.13704440700041942
2025-02-27,0.1542420896637982,0.13669007594978047
2025-02-28,0.1587697667905561,0.14299033412132695
2025-03-03,0.1596686299293525,0.14651577138343064
2025-03-04,0.1572623866988649,0.1472054169805444
2025-03-05,0.1535514128462102,0.1462507386099465
2025-03-06,0.1521561887935047,0.18581065067875668
2025-03-07,0.1480946001843407,0.1911926431461458
2025-03-17,0.1542499776991881,0.2352818371529922
2025-03-18,0.1502595213208527,0.2340976080886797
2025-03-19,0.1465279591959542,0.23346998852813672
2025-03-20,0.1387964732567653,0.23273411593288296
2025-03-21,0.1373938357986061,0.22995949423381018
2025-03-24,0.1449977800424894,0.21940311620823805
2025-03-25,0.1455483606429523,0.2248346899987842
2025-03-26,0.1467098596344679,0.2231566622473181
2025-03-27,0.1439639438986692,0.22257298824965677
2025-03-28,0.1343907066119347,0.22257911419456278
2025-04-01,0.150000460628195,0.2169963528387854
2025-04-02,0.1479134095148047,0.21807076900358474
2025-04-03,0.1484224474905419,0.21851611177336397
2025-04-04,0.1459399446230937,0.21900245374116412
2025-04-21,0.1506932984473785,0.1648803428395053
2025-04-22,0.1543581783239247,0.16391375893494392
2025-04-23,0.1593179467588059,0.16318136375464914
2025-04-24,0.1633518266941964,0.16545482023293712
2025-04-25,0.1669260354944315,0.16215172282875198
2025-04-28,0.1694724161986077,0.15502469381581804
2025-04-29,0.1753549982866541,0.1550564455492074
2025-04-30,0.1827324828282549,0.15404156896547513
2025-05-02,0.1803508966969142,0.15457766491483058
2025-05-05,0.1782021486972006,0.15436999016536632
2025-05-06,0.1788433544840052,0.14975895023141902
2025-05-07,0.177142637894781,0.14819517710946276
2025-05-08,0.1940379807668156,0.1474285815908189
2025-05-09,0.201584972991508,0.14777703540454543
2025-05-19,0.1581211956724247,0.09573118012237307
2025-05-20,0.158669371730404,0.09031391398514751
2025-05-21,0.1582541268946762,0.08970383749018974
2025-05-22,0.1555992164231633,0.09071206730731232
2025-05-23,0.1583987580409746,0.0959307332991568
2025-05-26,0.1693989440720149,0.09606638950442128
2025-05-27,0.1772840606559335,0.09837176631042506
2025-05-28,0.172139561585875,0.09879284978553025
2025-05-29,0.1567404360463407,0.10500281563610067
2025-05-30,0.1609462117806937,0.1052262823791092
2025-06-02,0.1725294485507105,0.10508516176582379
2025-06-03,0.1678662556034701,0.10369163720934715
2025-06-04,0.1612758954153218,0.10743754289269751
2025-06-05,0.1552622620427701,0.10808041548708398
2025-06-06,0.1529270241977635,0.09610394552409364
2025-06-23,0.1400048829203665,0.09041907953583504
2025-06-24,0.1343927622828777,0.0876438096325082
2025-06-25,0.1280862034743186,0.09155813401898966
2025-06-26,0.1284265672846839,0.08443714537290749
2025-06-27,0.126880479130145,0.08967088014257346
2025-06-30,0.1311061452285486,0.09358685933188007
2025-07-01,0.1301547191304791,0.0935482126812176
2025-07-02,0.1305083752789516,0.08919987944219239
2025-07-03,0.1295180413010259,0.08906338341931627
2025-07-04,0.1261554719213963,0.09048940807428475
2025-07-07,0.1308107210122513,0.09034275332992873
2025-07-08,0.1271763713733593,0.0898448303117737
2025-07-09,0.1240507655347417,0.08986493082752005
2025-07-10,0.1222126946676231,0.08870615327020338
2025-07-11,0.1197599995866022,0.09386381084049682
2025-07-21,0.1077894915091723,0.08908438713855424
2025-07-22,0.1049165822674241,0.08886840381731095
2025-07-23,0.0997213538444929,0.08431693179601035
2025-07-24,0.1022847528910475,0.09237930454105509
2025-07-25,0.1107079853815241,0.08606622092635921
2025-07-28,0.1174802706965173,0.09281864190677049
2025-07-29,0.1136654483217165,0.10122847055708166
2025-07-30,0.1100006923828325,0.10171170223676802
2025-07-31,0.1095092936967829,0.10356356063192569
2025-08-01,0.116657282103143,0.10369339068170857
2025-08-04,0.1189869800283865,0.10709856524777449
2025-08-05,0.1170557514992429,0.10580953520801573
2025-08-06,0.1149687275680469,0.10579035320864293
2025-08-07,0.1101493274412604,0.10566236303180454
2025-08-08,0.1151573701859218,0.10034246214825199
2025-08-21,0.1055941807930916,0.09493575314767722
2025-08-22,0.1113857231176227,0.0873630171444752
2025-08-25,0.1093344882338882,0.08854224432931482
2025-08-26,0.1101858922559852,0.08043065054014918
2025-08-28,0.1186261350398214,0.06964093240269632
2025-08-29,0.1170394509870825,0.07863026069667799
2025-09-01,0.1145151068979886,0.07537612026455377
2025-09-02,0.1173480191869674,0.07282916061609768
2025-09-03,0.1120215685384083,0.08184823543057791
2025-09-04,0.1085915758609561,0.083290526714489
2025-09-05,0.1060016062235342,0.0894691206666214
2025-09-08,0.108981438756581,0.08974670127615914
2025-09-09,0.1091381319142956,0.09080929129253676
2025-09-10,0.1073864338061978,0.08905693750755855
2025-09-18,0.1001640933549816,0.0984346233093449
2025-09-19,0.1019521222532287,0.09889443507709332
2025-09-22,0.1082630564363382,0.09827550969898609
2025-09-23,0.1084553879204282,0.09730876033179772
2025-09-24,0.1102160119657931,0.09688542693886332
2025-09-25,0.1124880339995978,0.09972496903586502
2025-09-26,0.1163698637873215,0.09236333822998233
2025-09-29,0.1175203846623114,0.09283178035619223
2025-09-30,0.1151166014462492,0.0946292844090596
2025-10-01,0.1105269151294273,0.08417686638671615
2025-10-03,0.1058126787330056,0.08511169952565684
2025-10-06,0.1044441254899999,0.08032669417405187
2025-10-07,0.1039924825527285,0.0816203367468179
2025-10-08,0.1050386959893619,0.08282450645983812
2025-10-16,0.1112135234763182,0.07204459267269986
2025-10-17,0.1170334130301178,0.06988215804256694
2025-10-20,0.1118094332489418,0.0697224438297526
2025-10-21,0.1106038709987676,0.07014861791445426
2025-10-23,0.1118698687132402,0.07571654133567474
2025-10-24,0.1091247032511362,0.07209911662637579
2025-10-27,0.1159178162885885,0.06747623082493968
2025-10-28,0.1169353153205603,0.07948844615872223
2025-10-29,0.1184987082654569,0.07978073655981115
2025-10-30,0.1192027846382148,0.07680742353068556
2025-10-31,0.1190018864869747,0.07532251456883463
2025-11-03,0.1236939060725377,0.07660534534310778
2025-11-04,0.12318692943651,0.0748722991109369
2025-11-20,0.1090626230639887,0.08137956883327212
2025-11-21,0.1131169030849354,0.07668249304856789
2025-11-24,0.114259579447598,0.07794034137423073
2025-11-25,0.1095461859125433,0.07793550601760725
2025-11-26,0.1098676692843707,0.06572447869386727
2025-11-27,0.1080234546424103,0.06535751620683665
2025-11-28,0.1054796949986089,0.06552388553273608
2025-12-01,0.1087970671847199,0.06694487087586894
2025-12-02,0.1101058183097107,0.0670264788271806
